自增ID,统计日期,店铺名称,商品ID,商品名称,SKU ID,SKU名称,加购件数,下单件数,下单买家数,下单金额,支付件数,支付买家数,支付金额,款号,颜色,分款号,波段,链接,上线前三天,记录日期,商品编码
1,2025-09-19,秋水伊人女装官方旗舰店,128655,家居服春季款,498424,SPU000-黑色-XXXL,79,485,249,49745,350,44,31121,SPU000,黑色,SUB358,A波,https://shop.example.com/product/20874,2025-09-19,2025-10-14 19:10:46,SPU000-黑色-XXXL
2,2025-09-03,Massimo Dutti男装官方旗舰店,850369,家居服春季款,761964,SPU000-黑色-XS,48,125,58,24893,92,43,15818,SPU000,黑色,SUB718,D波,https://shop.example.com/product/14501,2025-09-03,2025-10-01 14:29:48,SPU000-黑色-XS
3,2025-09-06,森马男装官方旗舰店,914915,家居服春季款,838239,SPU000-黑色-S,437,165,115,14192,79,78,26909,SPU000,黑色,SUB197,A波,https://shop.example.com/product/99630,2025-09-06,2025-10-06 18:28:51,SPU000-黑色-S
4,2025-10-06,VERO MODA女装官方旗舰店,630888,家居服春季款,566018,SPU000-黑色-XXXL,17,65,64,11877,3,3,18005,SPU000,黑色,SUB813,D波,https://shop.example.com/product/80210,2025-10-06,2025-10-09 14:05:59,SPU000-黑色-XXXL
5,2025-09-13,播官方旗舰店,714110,家居服春季款,223384,SPU000-黑色-XS,714,334,264,32184,24,5,29604,SPU000,黑色,SUB400,B波,https://shop.example.com/product/15218,2025-09-13,2025-10-06 00:18:50,SPU000-黑色-XS
6,2025-09-18,江南布衣女装官方旗舰店,215002,套头卫衣热卖款,820169,SPU001-紫色-XS,79,148,19,13049,84,61,31866,SPU001,紫色,SUB355,A波,https://shop.example.com/product/60764,2025-09-18,2025-10-16 11:09:31,SPU001-紫色-XS
7,2025-10-09,COS女装官方旗舰店,785633,套头卫衣热卖款,285211,SPU001-紫色-XXXL,771,397,22,19810,381,93,14642,SPU001,紫色,SUB448,D波,https://shop.example.com/product/39980,2025-10-09,2025-10-21 16:42:22,SPU001-紫色-XXXL
8,2025-09-13,COS女装官方旗舰店,834821,套头卫衣热卖款,221728,SPU001-紫色-S,207,365,84,9122,227,33,39662,SPU001,紫色,SUB676,A波,https://shop.example.com/product/67422,2025-09-13,2025-10-08 12:17:03,SPU001-紫色-S
9,2025-10-11,GAP童装官方旗舰店,832871,运动长裤夏季款,550859,SPU002-灰色-均码,21,254,181,34417,93,88,24136,SPU002,灰色,SUB750,A波,https://shop.example.com/product/64869,2025-10-11,2025-10-21 09:45:52,SPU002-灰色-均码
10,2025-09-24,秋水伊人官方旗舰店,557484,运动长裤夏季款,684352,SPU002-灰色-XXL,718,242,108,4386,8,1,5717,SPU002,灰色,SUB369,C波,https://shop.example.com/product/72210,2025-09-24,2025-10-23 23:29:24,SPU002-灰色-XXL
11,2025-09-30,ONLY女装官方旗舰店,355047,运动长裤夏季款,244207,SPU002-灰色-M,123,205,6,10616,129,22,37383,SPU002,灰色,SUB291,B波,https://shop.example.com/product/68471,2025-09-30,2025-10-22 19:56:02,SPU002-灰色-M
12,2025-10-18,杰克琼斯官方旗舰店,684443,运动长裤夏季款,375782,SPU002-灰色-XXXL,489,337,34,43008,279,94,38149,SPU002,灰色,SUB523,A波,https://shop.example.com/product/83356,2025-10-15,2025-10-20 22:31:07,SPU002-灰色-XXXL
13,2025-10-16,ONLY官方旗舰店,254546,家居服新款,414932,SPU003-红色-XS,8,20,12,733,7,5,3931,SPU003,红色,SUB622,A波,https://shop.example.com/product/24778,2025-10-14,2025-10-29 07:10:24,SPU003-红色-XS
14,2025-09-07,GXG男装官方旗舰店,656289,家居服新款,109287,SPU003-红色-XL,310,268,70,20940,136,62,31482,SPU003,红色,SUB920,B波,https://shop.example.com/product/34728,2025-09-07,2025-10-07 04:33:52,SPU003-红色-XL
15,2025-09-30,播男装官方旗舰店,601989,家居服新款,324523,SPU003-红色-XL,101,339,88,25418,243,141,35481,SPU003,红色,SUB979,A波,https://shop.example.com/product/29151,2025-09-30,2025-10-22 00:48:32,SPU003-红色-XL
16,2025-10-24,Mango女装官方旗舰店,634635,家居服新款,252465,SPU003-红色-M,139,341,244,33645,65,9,37103,SPU003,红色,SUB268,B波,https://shop.example.com/product/92174,2025-10-14,2025-10-28 18:19:47,SPU003-红色-M
17,2025-09-16,Massimo Dutti男装官方旗舰店,756013,家居服新款,479293,SPU003-红色-均码,461,385,134,26633,211,15,28303,SPU003,红色,SUB143,C波,https://shop.example.com/product/61724,2025-09-16,2025-10-03 06:43:54,SPU003-红色-均码
18,2025-10-21,ZARA女装官方旗舰店,861785,童装套装新款,491834,SPU004-绿色-XL,25,14,7,39743,3,1,8344,SPU004,绿色,SUB590,D波,https://shop.example.com/product/94677,2025-10-13,2025-10-28 07:41:52,SPU004-绿色-XL
19,2025-09-22,优衣库男装官方旗舰店,264925,童装套装新款,353063,SPU004-绿色-XL,1226,446,266,18849,386,254,4918,SPU004,绿色,SUB543,A波,https://shop.example.com/product/64698,2025-09-22,2025-10-06 01:00:56,SPU004-绿色-XL
20,2025-09-27,H&M女装官方旗舰店,914793,童装套装新款,252634,SPU004-绿色-L,98,33,2,24216,5,2,25773,SPU004,绿色,SUB387,D波,https://shop.example.com/product/95218,2025-09-27,2025-10-26 14:46:32,SPU004-绿色-L
21,2025-10-06,韩都衣舍官方旗舰店,976949,童装套装新款,661293,SPU004-绿色-XS,1239,413,167,20194,174,120,33517,SPU004,绿色,SUB599,D波,https://shop.example.com/product/87274,2025-10-06,2025-10-27 04:00:59,SPU004-绿色-XS
22,2025-10-17,VERO MODA女装官方旗舰店,815321,童装套装新款,734603,SPU004-绿色-S,281,355,240,22090,286,46,32091,SPU004,绿色,SUB450,A波,https://shop.example.com/product/42976,2025-10-12,2025-10-29 23:46:12,SPU004-绿色-S
23,2025-10-18,VERO MODA女装官方旗舰店,384427,条纹衬衫秋冬款,402982,SPU005-粉色-XL,608,322,262,14931,137,80,21244,SPU005,粉色,SUB345,B波,https://shop.example.com/product/55680,2025-10-16,2025-10-30 16:38:30,SPU005-粉色-XL
24,2025-09-08,ONLY官方旗舰店,965846,条纹衬衫秋冬款,451271,SPU005-粉色-M,1060,497,346,26970,156,71,17295,SPU005,粉色,SUB712,D波,https://shop.example.com/product/97776,2025-09-08,2025-10-03 02:48:10,SPU005-粉色-M
25,2025-09-29,GAP男装官方旗舰店,742833,条纹衬衫秋冬款,925117,SPU005-粉色-L,142,337,151,12449,96,87,23690,SPU005,粉色,SUB829,C波,https://shop.example.com/product/36799,2025-09-29,2025-10-16 13:40:06,SPU005-粉色-L
26,2025-09-27,GXG男装官方旗舰店,645377,条纹衬衫秋冬款,281839,SPU005-粉色-XL,240,408,370,47365,236,224,19101,SPU005,粉色,SUB753,B波,https://shop.example.com/product/36965,2025-09-27,2025-10-21 05:42:15,SPU005-粉色-XL
27,2025-09-17,Stradivarius官方旗舰店,778929,条纹衬衫秋冬款,948903,SPU005-粉色-S,508,306,191,16097,172,100,31741,SPU005,粉色,SUB834,C波,https://shop.example.com/product/84473,2025-09-17,2025-10-06 05:05:30,SPU005-粉色-S
28,2025-09-26,美特斯邦威官方旗舰店,253448,训练外套夏季款,367099,SPU006-绿色-均码,620,235,18,16550,137,31,24678,SPU006,绿色,SUB932,D波,https://shop.example.com/product/10428,2025-09-26,2025-10-19 07:22:33,SPU006-绿色-均码
29,2025-09-25,COS女装官方旗舰店,367188,训练外套夏季款,619103,SPU006-绿色-XXL,58,34,17,33496,12,9,27557,SPU006,绿色,SUB303,C波,https://shop.example.com/product/16683,2025-09-25,2025-10-10 08:45:45,SPU006-绿色-XXL
30,2025-10-03,秋水伊人女装官方旗舰店,724187,训练外套夏季款,213329,SPU006-绿色-XXL,487,218,111,25354,160,80,7827,SPU006,绿色,SUB243,B波,https://shop.example.com/product/26110,2025-10-03,2025-10-28 13:33:10,SPU006-绿色-XXL
31,2025-09-18,优衣库官方旗舰店,988327,羽绒服新款,173693,SPU007-米色-XXXL,284,185,27,35945,13,8,17590,SPU007,米色,SUB230,A波,https://shop.example.com/product/65478,2025-09-18,2025-10-16 00:00:31,SPU007-米色-XXXL
32,2025-09-27,Stradivarius女装官方旗舰店,792371,羽绒服新款,694088,SPU007-米色-XL,30,104,1,7302,5,2,18164,SPU007,米色,SUB391,D波,https://shop.example.com/product/41546,2025-09-27,2025-10-22 09:02:49,SPU007-米色-XL
33,2025-09-17,优衣库女装官方旗舰店,732984,羽绒服新款,698335,SPU007-米色-XS,136,118,118,36216,28,11,15490,SPU007,米色,SUB255,A波,https://shop.example.com/product/82575,2025-09-17,2025-10-06 06:00:18,SPU007-米色-XS
34,2025-09-27,GAP女装官方旗舰店,330552,羽绒服新款,280189,SPU007-米色-XS,825,299,196,13313,162,138,1142,SPU007,米色,SUB264,A波,https://shop.example.com/product/84873,2025-09-27,2025-10-12 22:22:55,SPU007-米色-XS
35,2025-10-01,秋水伊人官方旗舰店,948875,羽绒服新款,609877,SPU007-米色-XL,255,379,48,16134,314,208,14481,SPU007,米色,SUB347,D波,https://shop.example.com/product/89902,2025-10-01,2025-10-18 21:25:16,SPU007-米色-XL
36,2025-09-16,ONLY女装官方旗舰店,331044,开衫春季款,393046,SPU008-米色-S,27,84,0,15648,22,21,20217,SPU008,米色,SUB545,D波,https://shop.example.com/product/68479,2025-09-16,2025-10-03 23:23:48,SPU008-米色-S
37,2025-09-22,COS官方旗舰店,988439,开衫春季款,185980,SPU008-米色-均码,209,109,91,29106,29,14,9855,SPU008,米色,SUB856,D波,https://shop.example.com/product/90616,2025-09-22,2025-10-12 03:42:50,SPU008-米色-均码
38,2025-09-27,耐克官方旗舰店,667557,开衫春季款,902219,SPU008-米色-XL,556,384,105,44126,194,125,28616,SPU008,米色,SUB908,C波,https://shop.example.com/product/52215,2025-09-27,2025-10-26 06:34:36,SPU008-米色-XL
39,2025-09-26,欧时力女装官方旗舰店,745543,开衫春季款,506743,SPU008-米色-均码,26,10,7,39751,7,3,24442,SPU008,米色,SUB247,A波,https://shop.example.com/product/88768,2025-09-26,2025-10-26 14:37:25,SPU008-米色-均码
40,2025-10-05,ZARA男装官方旗舰店,496009,开衫热卖款,276560,SPU009-橙色-S,827,428,106,14282,357,160,23151,SPU009,橙色,SUB514,C波,https://shop.example.com/product/42606,2025-10-05,2025-10-12 09:45:43,SPU009-橙色-S
41,2025-09-26,Stradivarius女装官方旗舰店,342111,开衫热卖款,497875,SPU009-橙色-XS,961,366,12,44989,148,144,15995,SPU009,橙色,SUB760,A波,https://shop.example.com/product/69276,2025-09-26,2025-10-18 15:13:53,SPU009-橙色-XS
42,2025-09-15,太平鸟女装官方旗舰店,699425,开衫热卖款,461951,SPU009-橙色-S,736,365,195,1343,11,7,28592,SPU009,橙色,SUB841,D波,https://shop.example.com/product/65592,2025-09-15,2025-10-12 19:30:49,SPU009-橙色-S
43,2025-09-12,播官方旗舰店,465145,开衫热卖款,339659,SPU009-橙色-XXL,68,45,23,17030,27,15,10361,SPU009,橙色,SUB272,B波,https://shop.example.com/product/86741,2025-09-12,2025-10-07 20:07:50,SPU009-橙色-XXL
44,2025-09-29,杰克琼斯男装官方旗舰店,656727,套头卫衣秋冬款,949495,SPU010-黑色-XS,200,330,18,24998,264,186,3144,SPU010,黑色,SUB878,B波,https://shop.example.com/product/21792,2025-09-29,2025-10-05 08:07:26,SPU010-黑色-XS
45,2025-10-24,GAP官方旗舰店,745346,套头卫衣秋冬款,829088,SPU010-黑色-M,102,362,128,5194,81,67,16721,SPU010,黑色,SUB563,B波,https://shop.example.com/product/48424,2025-10-14,2025-10-30 14:24:34,SPU010-黑色-M
46,2025-09-18,秋水伊人官方旗舰店,295056,套头卫衣秋冬款,340216,SPU010-黑色-XXL,104,72,39,10920,55,33,4376,SPU010,黑色,SUB337,A波,https://shop.example.com/product/91388,2025-09-18,2025-10-08 02:26:55,SPU010-黑色-XXL
47,2025-09-18,优衣库童装官方旗舰店,921140,套头卫衣秋冬款,922359,SPU010-黑色-XL,22,26,9,35909,18,15,27739,SPU010,黑色,SUB271,B波,https://shop.example.com/product/12252,2025-09-18,2025-10-03 20:47:56,SPU010-黑色-XL
48,2025-10-20,杰克琼斯男装官方旗舰店,847140,运动T恤春季款,180790,SPU011-棕色-XXL,137,413,395,6652,100,34,11713,SPU011,棕色,SUB646,A波,https://shop.example.com/product/70625,2025-10-14,2025-10-22 06:06:56,SPU011-棕色-XXL
49,2025-10-11,H&M男装官方旗舰店,287615,运动T恤春季款,260137,SPU011-棕色-均码,546,283,95,16098,188,2,21330,SPU011,棕色,SUB975,B波,https://shop.example.com/product/45695,2025-10-11,2025-10-31 07:11:44,SPU011-棕色-均码
50,2025-10-03,欧时力女装官方旗舰店,629016,运动T恤春季款,159611,SPU011-棕色-XS,403,262,69,10944,10,0,30740,SPU011,棕色,SUB259,B波,https://shop.example.com/product/41709,2025-10-03,2025-10-25 22:11:21,SPU011-棕色-XS
51,2025-10-13,Massimo Dutti男装官方旗舰店,485027,运动T恤春季款,701740,SPU011-棕色-M,571,441,236,16108,311,232,11478,SPU011,棕色,SUB827,A波,https://shop.example.com/product/42534,2025-10-11,2025-10-22 10:18:51,SPU011-棕色-M
52,2025-09-12,杰克琼斯男装官方旗舰店,891164,条纹衬衫夏季款,144327,SPU012-米色-XXL,17,82,48,8906,81,0,18822,SPU012,米色,SUB571,D波,https://shop.example.com/product/98804,2025-09-12,2025-10-05 09:40:34,SPU012-米色-XXL
53,2025-09-23,森马男装官方旗舰店,667771,条纹衬衫夏季款,861512,SPU012-米色-S,827,386,268,30580,202,165,34056,SPU012,米色,SUB462,D波,https://shop.example.com/product/42955,2025-09-23,2025-10-15 20:55:06,SPU012-米色-S
54,2025-10-13,Bershka官方旗舰店,627593,条纹衬衫夏季款,999601,SPU012-米色-M,511,268,64,2386,208,52,4811,SPU012,米色,SUB714,C波,https://shop.example.com/product/49117,2025-10-11,2025-10-25 18:23:22,SPU012-米色-M
55,2025-10-08,Stradivarius女装官方旗舰店,532446,条纹衬衫夏季款,501156,SPU012-米色-XXXL,96,59,19,24485,38,1,20614,SPU012,米色,SUB598,B波,https://shop.example.com/product/12102,2025-10-08,2025-10-25 06:08:48,SPU012-米色-XXXL
56,2025-10-06,GAP男装官方旗舰店,769467,条纹衬衫夏季款,886796,SPU012-米色-L,75,110,57,38694,55,50,9164,SPU012,米色,SUB764,C波,https://shop.example.com/product/61951,2025-10-06,2025-10-29 17:12:01,SPU012-米色-L
57,2025-10-05,耐克官方旗舰店,338101,套头卫衣新款,560352,SPU013-米色-均码,129,125,62,26164,18,14,30487,SPU013,米色,SUB480,B波,https://shop.example.com/product/70725,2025-10-05,2025-10-29 13:44:20,SPU013-米色-均码
58,2025-09-28,ZARA官方旗舰店,357284,套头卫衣新款,252607,SPU013-米色-S,163,66,12,19360,53,23,3481,SPU013,米色,SUB458,D波,https://shop.example.com/product/60666,2025-09-28,2025-10-13 07:10:08,SPU013-米色-S
59,2025-09-18,Pull&Bear男装官方旗舰店,554434,套头卫衣新款,181918,SPU013-米色-M,1225,454,150,23250,334,262,36150,SPU013,米色,SUB588,A波,https://shop.example.com/product/72843,2025-09-18,2025-10-06 12:43:28,SPU013-米色-M
60,2025-09-16,美特斯邦威官方旗舰店,302877,西装外套春季款,425416,SPU014-灰色-均码,64,34,10,724,22,3,9564,SPU014,灰色,SUB862,C波,https://shop.example.com/product/17849,2025-09-16,2025-10-10 00:14:19,SPU014-灰色-均码
61,2025-09-30,VERO MODA官方旗舰店,761310,西装外套春季款,646403,SPU014-灰色-XS,23,12,0,29383,8,6,21891,SPU014,灰色,SUB917,D波,https://shop.example.com/product/55472,2025-09-30,2025-10-09 04:22:38,SPU014-灰色-XS
62,2025-10-07,欧时力官方旗舰店,485841,西装外套春季款,153389,SPU014-灰色-均码,820,318,264,38379,167,31,28730,SPU014,灰色,SUB876,D波,https://shop.example.com/product/66807,2025-10-07,2025-10-09 11:36:39,SPU014-灰色-均码
63,2025-09-27,优衣库官方旗舰店,798687,牛仔裤秋冬款,917163,SPU015-灰色-M,1122,390,373,49082,263,259,4409,SPU015,灰色,SUB257,D波,https://shop.example.com/product/53273,2025-09-27,2025-10-09 22:09:01,SPU015-灰色-M
64,2025-09-13,H&M男装官方旗舰店,857641,牛仔裤秋冬款,766060,SPU015-灰色-M,273,338,73,9319,225,195,12866,SPU015,灰色,SUB195,D波,https://shop.example.com/product/46144,2025-09-13,2025-10-09 18:47:29,SPU015-灰色-M
65,2025-09-23,优衣库官方旗舰店,146151,牛仔裤秋冬款,417624,SPU015-灰色-L,12,201,34,12746,56,26,37309,SPU015,灰色,SUB298,D波,https://shop.example.com/product/29876,2025-09-23,2025-10-12 16:52:09,SPU015-灰色-L
66,2025-09-10,美特斯邦威男装官方旗舰店,367541,运动长裤经典款,320846,SPU016-绿色-XXL,0,218,16,10708,140,9,17400,SPU016,绿色,SUB844,D波,https://shop.example.com/product/18662,2025-09-10,2025-10-09 00:46:36,SPU016-绿色-XXL
67,2025-10-14,ONLY女装官方旗舰店,273648,运动长裤经典款,805284,SPU016-绿色-XXXL,252,112,14,5240,59,42,30120,SPU016,绿色,SUB931,C波,https://shop.example.com/product/90844,2025-10-12,2025-10-18 13:12:16,SPU016-绿色-XXXL
68,2025-09-14,Mango女装官方旗舰店,591704,运动长裤经典款,370620,SPU016-绿色-XL,677,372,323,43577,190,83,34518,SPU016,绿色,SUB259,C波,https://shop.example.com/product/87837,2025-09-14,2025-10-05 09:56:59,SPU016-绿色-XL
69,2025-10-07,太平鸟官方旗舰店,954517,速干短裤春季款,123304,SPU017-白色-L,888,398,247,17838,125,42,33347,SPU017,白色,SUB407,D波,https://shop.example.com/product/63046,2025-10-07,2025-10-20 08:45:50,SPU017-白色-L
70,2025-09-06,韩都衣舍官方旗舰店,940615,速干短裤春季款,370157,SPU017-白色-XL,13,26,26,9697,18,17,14655,SPU017,白色,SUB964,B波,https://shop.example.com/product/42602,2025-09-06,2025-10-03 09:24:01,SPU017-白色-XL
71,2025-10-09,Pull&Bear官方旗舰店,203386,速干短裤春季款,831257,SPU017-白色-M,555,237,129,23789,231,105,26204,SPU017,白色,SUB529,C波,https://shop.example.com/product/49201,2025-10-09,2025-10-13 11:37:01,SPU017-白色-M
72,2025-09-18,Bershka官方旗舰店,753323,速干短裤春季款,604547,SPU017-白色-M,121,41,4,20575,15,1,28549,SPU017,白色,SUB515,D波,https://shop.example.com/product/30191,2025-09-18,2025-10-01 20:43:42,SPU017-白色-M
73,2025-09-19,耐克官方旗舰店,449999,速干短裤春季款,488371,SPU017-白色-XXL,121,212,78,15445,121,62,32234,SPU017,白色,SUB505,B波,https://shop.example.com/product/63125,2025-09-19,2025-10-13 08:34:35,SPU017-白色-XXL
74,2025-10-29,江南布衣官方旗舰店,400383,休闲裤秋冬款,355051,SPU018-红色-XS,625,220,205,10806,217,86,10432,SPU018,红色,SUB712,C波,https://shop.example.com/product/87784,2025-10-19,2025-10-30 00:36:33,SPU018-红色-XS
75,2025-09-30,COS官方旗舰店,186082,休闲裤秋冬款,186308,SPU018-红色-L,8,192,38,35413,21,13,32286,SPU018,红色,SUB194,B波,https://shop.example.com/product/16731,2025-09-30,2025-10-18 16:08:08,SPU018-红色-L
76,2025-09-29,Stradivarius官方旗舰店,134272,休闲裤秋冬款,239967,SPU018-红色-XL,2,1,1,44481,1,1,37486,SPU018,红色,SUB189,A波,https://shop.example.com/product/31655,2025-09-29,2025-10-24 06:09:53,SPU018-红色-XL
77,2025-09-13,美特斯邦威官方旗舰店,204827,休闲裤秋冬款,140833,SPU018-红色-XS,1193,457,42,2589,158,157,13,SPU018,红色,SUB941,B波,https://shop.example.com/product/32273,2025-09-13,2025-10-08 04:49:37,SPU018-红色-XS
78,2025-09-13,Massimo Dutti女装官方旗舰店,614179,针织连衣裙热卖款,212762,SPU019-黑色-XS,547,459,303,19099,200,157,34477,SPU019,黑色,SUB173,C波,https://shop.example.com/product/28168,2025-09-13,2025-10-03 16:49:41,SPU019-黑色-XS
79,2025-09-28,杰克琼斯男装官方旗舰店,993801,针织连衣裙热卖款,372611,SPU019-黑色-S,20,33,32,6299,29,15,39746,SPU019,黑色,SUB329,C波,https://shop.example.com/product/14198,2025-09-28,2025-10-21 00:05:50,SPU019-黑色-S
80,2025-10-04,ZARA女装官方旗舰店,270715,针织连衣裙热卖款,828664,SPU019-黑色-S,484,201,115,23511,86,65,20080,SPU019,黑色,SUB400,D波,https://shop.example.com/product/64784,2025-10-04,2025-10-24 10:34:40,SPU019-黑色-S
81,2025-09-26,GAP童装官方旗舰店,988272,家居服春季款,424351,SPU020-蓝色-M,668,413,107,15773,120,59,9746,SPU020,蓝色,SUB820,B波,https://shop.example.com/product/14823,2025-09-26,2025-10-04 18:05:19,SPU020-蓝色-M
82,2025-09-19,GXG男装官方旗舰店,223436,家居服春季款,254853,SPU020-蓝色-M,13,40,28,8264,3,1,4813,SPU020,蓝色,SUB389,C波,https://shop.example.com/product/51936,2025-09-19,2025-10-14 00:04:19,SPU020-蓝色-M
83,2025-10-15,H&M女装官方旗舰店,604990,家居服春季款,556481,SPU020-蓝色-均码,419,296,62,42225,122,85,36183,SPU020,蓝色,SUB846,C波,https://shop.example.com/product/37495,2025-10-12,2025-10-25 16:51:01,SPU020-蓝色-均码
84,2025-09-05,优衣库童装官方旗舰店,135479,家居服春季款,481901,SPU020-蓝色-M,320,458,200,12549,242,88,4329,SPU020,蓝色,SUB150,A波,https://shop.example.com/product/43053,2025-09-05,2025-10-03 03:56:26,SPU020-蓝色-M
85,2025-09-30,Massimo Dutti女装官方旗舰店,621789,家居服春季款,586019,SPU020-蓝色-L,407,199,181,21206,47,28,8709,SPU020,蓝色,SUB935,C波,https://shop.example.com/product/65358,2025-09-30,2025-10-03 07:09:52,SPU020-蓝色-L
86,2025-10-10,ONLY女装官方旗舰店,888019,速干T恤热卖款,694090,SPU021-红色-S,888,337,94,487,161,42,16423,SPU021,红色,SUB525,A波,https://shop.example.com/product/73818,2025-10-10,2025-10-27 09:40:19,SPU021-红色-S
87,2025-10-22,Pull&Bear官方旗舰店,144066,速干T恤热卖款,247158,SPU021-红色-XL,491,448,262,39578,171,126,18209,SPU021,红色,SUB307,B波,https://shop.example.com/product/64771,2025-10-13,2025-10-23 12:50:43,SPU021-红色-XL
88,2025-09-17,优衣库男装官方旗舰店,478250,速干T恤热卖款,845920,SPU021-红色-S,21,19,19,24446,0,0,179,SPU021,红色,SUB207,D波,https://shop.example.com/product/75677,2025-09-17,2025-10-14 23:54:59,SPU021-红色-S
89,2025-10-09,Pull&Bear官方旗舰店,448670,速干T恤热卖款,813404,SPU021-红色-L,258,103,35,34791,27,12,34651,SPU021,红色,SUB704,B波,https://shop.example.com/product/67008,2025-10-09,2025-10-28 06:55:23,SPU021-红色-L
90,2025-09-07,COS女装官方旗舰店,141340,家居服春季款,577052,SPU022-绿色-XL,1120,394,148,35310,374,233,2917,SPU022,绿色,SUB391,C波,https://shop.example.com/product/12348,2025-09-07,2025-10-04 08:27:05,SPU022-绿色-XL
91,2025-09-08,优衣库男装官方旗舰店,930302,家居服春季款,165848,SPU022-绿色-XXL,485,208,106,30378,150,146,15135,SPU022,绿色,SUB422,B波,https://shop.example.com/product/68886,2025-09-08,2025-10-02 15:45:11,SPU022-绿色-XXL
92,2025-10-23,Stradivarius女装官方旗舰店,783728,家居服春季款,993559,SPU022-绿色-均码,19,135,58,43806,76,74,16655,SPU022,绿色,SUB504,C波,https://shop.example.com/product/10561,2025-10-20,2025-10-30 06:08:35,SPU022-绿色-均码
93,2025-10-03,优衣库官方旗舰店,332575,家居服春季款,961412,SPU022-绿色-均码,460,271,122,26016,117,0,28181,SPU022,绿色,SUB148,A波,https://shop.example.com/product/45865,2025-10-03,2025-10-05 11:34:52,SPU022-绿色-均码
94,2025-09-17,耐克官方旗舰店,626124,休闲衬衫秋冬款,868344,SPU023-橙色-均码,813,274,156,39337,213,169,3355,SPU023,橙色,SUB608,B波,https://shop.example.com/product/80004,2025-09-17,2025-10-01 11:52:30,SPU023-橙色-均码
95,2025-09-23,欧时力官方旗舰店,917548,休闲衬衫秋冬款,221500,SPU023-橙色-均码,875,338,120,25495,282,168,11615,SPU023,橙色,SUB658,B波,https://shop.example.com/product/11862,2025-09-23,2025-10-11 13:34:37,SPU023-橙色-均码
96,2025-09-15,GAP官方旗舰店,444745,休闲衬衫秋冬款,778264,SPU023-橙色-L,502,350,245,1355,219,25,8511,SPU023,橙色,SUB867,C波,https://shop.example.com/product/32154,2025-09-15,2025-10-10 10:45:12,SPU023-橙色-L
97,2025-10-01,ZARA女装官方旗舰店,369581,POLO衫热卖款,535762,SPU024-白色-M,165,336,218,13375,149,41,23686,SPU024,白色,SUB199,C波,https://shop.example.com/product/50565,2025-10-01,2025-10-06 01:33:55,SPU024-白色-M
98,2025-09-29,H&M官方旗舰店,263125,POLO衫热卖款,227339,SPU024-白色-M,3,277,122,4324,35,17,11729,SPU024,白色,SUB216,D波,https://shop.example.com/product/54240,2025-09-29,2025-10-27 13:44:06,SPU024-白色-M
99,2025-09-24,GAP男装官方旗舰店,975761,POLO衫热卖款,917404,SPU024-白色-S,136,62,29,33474,32,7,31538,SPU024,白色,SUB784,C波,https://shop.example.com/product/20914,2025-09-24,2025-10-02 00:47:33,SPU024-白色-S
100,2025-10-16,GXG官方旗舰店,284967,家居服热卖款,506722,SPU025-黄色-XL,193,182,139,16402,23,23,1194,SPU025,黄色,SUB735,A波,https://shop.example.com/product/18314,2025-10-12,2025-10-17 22:36:32,SPU025-黄色-XL
101,2025-10-03,美特斯邦威官方旗舰店,268128,家居服热卖款,647447,SPU025-黄色-XXL,208,83,68,12725,18,15,23028,SPU025,黄色,SUB130,C波,https://shop.example.com/product/61023,2025-10-03,2025-10-14 00:31:06,SPU025-黄色-XXL
102,2025-09-07,江南布衣女装官方旗舰店,208600,家居服热卖款,946489,SPU025-黄色-XS,1049,405,397,26375,387,108,10978,SPU025,黄色,SUB294,D波,https://shop.example.com/product/86854,2025-09-07,2025-10-05 04:22:47,SPU025-黄色-XS
103,2025-10-12,H&M官方旗舰店,880823,家居服秋冬款,337765,SPU026-绿色-XXL,1012,382,285,30005,357,198,21116,SPU026,绿色,SUB757,C波,https://shop.example.com/product/36098,2025-10-11,2025-10-29 04:00:20,SPU026-绿色-XXL
104,2025-10-28,优衣库官方旗舰店,574909,家居服秋冬款,297216,SPU026-绿色-L,7,460,292,23292,21,0,24414,SPU026,绿色,SUB764,C波,https://shop.example.com/product/64464,2025-10-18,2025-10-29 08:31:44,SPU026-绿色-L
105,2025-09-05,森马官方旗舰店,585995,家居服秋冬款,189365,SPU026-绿色-XXXL,274,383,49,38970,3,0,38855,SPU026,绿色,SUB239,D波,https://shop.example.com/product/74794,2025-09-05,2025-10-03 09:31:21,SPU026-绿色-XXXL
106,2025-10-11,H&M男装官方旗舰店,898578,家居服秋冬款,457253,SPU026-绿色-S,122,283,16,41817,282,162,16124,SPU026,绿色,SUB419,D波,https://shop.example.com/product/48463,2025-10-11,2025-10-20 18:20:46,SPU026-绿色-S
107,2025-10-15,ZARA官方旗舰店,414787,家居服秋冬款,797118,SPU026-绿色-M,8,19,8,24876,3,1,18393,SPU026,绿色,SUB448,D波,https://shop.example.com/product/19751,2025-10-11,2025-10-24 02:41:25,SPU026-绿色-M
108,2025-09-13,杰克琼斯官方旗舰店,178760,套头卫衣夏季款,622491,SPU027-黄色-L,631,499,378,19649,271,208,1489,SPU027,黄色,SUB126,C波,https://shop.example.com/product/52959,2025-09-13,2025-10-02 13:51:27,SPU027-黄色-L
109,2025-09-26,GAP官方旗舰店,244100,套头卫衣夏季款,650454,SPU027-黄色-L,51,94,46,7430,91,12,17314,SPU027,黄色,SUB886,C波,https://shop.example.com/product/51721,2025-09-26,2025-10-25 22:40:56,SPU027-黄色-L
110,2025-10-05,Stradivarius官方旗舰店,704411,套头卫衣夏季款,322623,SPU027-黄色-L,1192,454,409,5166,63,29,3216,SPU027,黄色,SUB383,C波,https://shop.example.com/product/82116,2025-10-05,2025-10-19 20:58:09,SPU027-黄色-L
111,2025-09-18,ONLY女装官方旗舰店,183532,套头卫衣夏季款,951000,SPU027-黄色-S,1124,386,295,45251,277,152,36199,SPU027,黄色,SUB773,C波,https://shop.example.com/product/23164,2025-09-18,2025-10-10 15:42:30,SPU027-黄色-S
112,2025-10-08,GAP女装官方旗舰店,142716,套头卫衣夏季款,427042,SPU027-黄色-XXL,860,458,47,43115,206,85,17632,SPU027,黄色,SUB858,A波,https://shop.example.com/product/27942,2025-10-08,2025-10-09 02:24:31,SPU027-黄色-XXL
113,2025-10-04,GXG男装官方旗舰店,104204,运动T恤秋冬款,212018,SPU028-橙色-均码,61,35,2,30751,6,6,23666,SPU028,橙色,SUB515,A波,https://shop.example.com/product/44640,2025-10-04,2025-10-24 10:52:47,SPU028-橙色-均码
114,2025-09-25,森马男装官方旗舰店,932681,运动T恤秋冬款,359602,SPU028-橙色-XXL,20,81,42,11034,75,23,37290,SPU028,橙色,SUB817,A波,https://shop.example.com/product/92685,2025-09-25,2025-10-11 21:15:16,SPU028-橙色-XXL
115,2025-09-11,播男装官方旗舰店,329027,运动T恤秋冬款,864148,SPU028-橙色-S,259,415,86,48356,8,8,15636,SPU028,橙色,SUB517,A波,https://shop.example.com/product/99313,2025-09-11,2025-10-06 03:10:03,SPU028-橙色-S
116,2025-09-25,美特斯邦威男装官方旗舰店,933262,伞裙夏季款,865304,SPU029-黑色-M,794,267,96,32286,139,60,3890,SPU029,黑色,SUB540,B波,https://shop.example.com/product/90380,2025-09-25,2025-10-10 14:12:40,SPU029-黑色-M
117,2025-10-01,ONLY官方旗舰店,965101,伞裙夏季款,653418,SPU029-黑色-XS,599,341,176,8926,198,103,38716,SPU029,黑色,SUB521,C波,https://shop.example.com/product/45305,2025-10-01,2025-10-17 17:46:42,SPU029-黑色-XS
118,2025-10-05,H&M女装官方旗舰店,540636,伞裙夏季款,367386,SPU029-黑色-XL,331,127,127,95,31,7,26577,SPU029,黑色,SUB704,B波,https://shop.example.com/product/43152,2025-10-05,2025-10-21 22:06:46,SPU029-黑色-XL
119,2025-10-21,美特斯邦威男装官方旗舰店,293313,伞裙夏季款,954008,SPU029-黑色-XL,245,353,343,16304,65,16,2634,SPU029,黑色,SUB336,B波,https://shop.example.com/product/16103,2025-10-16,2025-10-28 06:08:35,SPU029-黑色-XL
120,2025-10-17,ZARA男装官方旗舰店,513892,伞裙夏季款,239420,SPU029-黑色-XL,446,374,141,7380,36,36,184,SPU029,黑色,SUB767,B波,https://shop.example.com/product/24519,2025-10-12,2025-10-22 15:17:28,SPU029-黑色-XL
121,2025-09-18,阿迪达斯官方旗舰店,533435,牛仔裤热卖款,212149,SPU030-绿色-XL,699,424,105,29299,356,73,9632,SPU030,绿色,SUB841,A波,https://shop.example.com/product/58333,2025-09-18,2025-10-09 02:37:05,SPU030-绿色-XL
122,2025-09-28,太平鸟女装官方旗舰店,791557,牛仔裤热卖款,644070,SPU030-绿色-XXL,348,166,70,29059,105,84,13208,SPU030,绿色,SUB978,B波,https://shop.example.com/product/37103,2025-09-28,2025-10-11 15:58:41,SPU030-绿色-XXL
123,2025-10-13,ONLY官方旗舰店,798201,牛仔裤热卖款,999797,SPU030-绿色-XXL,248,199,125,32041,90,35,28668,SPU030,绿色,SUB150,C波,https://shop.example.com/product/10400,2025-10-11,2025-10-16 23:00:27,SPU030-绿色-XXL
124,2025-09-17,Bershka官方旗舰店,164387,牛仔裤热卖款,919350,SPU030-绿色-XS,61,221,191,30064,118,67,18944,SPU030,绿色,SUB308,D波,https://shop.example.com/product/24472,2025-09-17,2025-10-01 12:40:41,SPU030-绿色-XS
125,2025-09-23,Pull&Bear官方旗舰店,397214,牛仔裤热卖款,392896,SPU030-绿色-S,362,451,218,902,147,121,34707,SPU030,绿色,SUB166,D波,https://shop.example.com/product/55592,2025-09-23,2025-10-23 06:55:45,SPU030-绿色-S
126,2025-10-03,江南布衣男装官方旗舰店,310684,运动套装经典款,821872,SPU031-黑色-XS,442,155,70,31249,57,24,17671,SPU031,黑色,SUB264,D波,https://shop.example.com/product/38909,2025-10-03,2025-10-25 23:56:55,SPU031-黑色-XS
127,2025-10-03,耐克官方旗舰店,918946,运动套装经典款,345808,SPU031-黑色-均码,660,224,124,25203,34,14,36159,SPU031,黑色,SUB621,B波,https://shop.example.com/product/24394,2025-10-03,2025-10-11 20:15:39,SPU031-黑色-均码
128,2025-09-26,韩都衣舍女装官方旗舰店,367188,运动套装经典款,823420,SPU031-黑色-XS,50,137,69,43141,94,66,20330,SPU031,黑色,SUB864,D波,https://shop.example.com/product/12660,2025-09-26,2025-10-24 16:02:21,SPU031-黑色-XS
129,2025-10-21,江南布衣官方旗舰店,396551,连帽卫衣春季款,364344,SPU032-黄色-XXXL,31,32,11,41125,6,3,34624,SPU032,黄色,SUB103,B波,https://shop.example.com/product/12565,2025-10-13,2025-10-27 20:12:51,SPU032-黄色-XXXL
130,2025-09-18,太平鸟童装官方旗舰店,695539,连帽卫衣春季款,457875,SPU032-黄色-M,0,167,123,12675,141,47,7108,SPU032,黄色,SUB850,C波,https://shop.example.com/product/65685,2025-09-18,2025-10-05 03:44:51,SPU032-黄色-M
131,2025-10-10,GXG男装官方旗舰店,309156,连帽卫衣春季款,759393,SPU032-黄色-均码,205,128,91,6297,69,48,30923,SPU032,黄色,SUB739,B波,https://shop.example.com/product/42097,2025-10-10,2025-10-22 10:10:33,SPU032-黄色-均码
132,2025-10-09,Mango女装官方旗舰店,452476,连帽卫衣春季款,474216,SPU032-黄色-XXL,241,166,61,34897,11,5,32319,SPU032,黄色,SUB333,D波,https://shop.example.com/product/83719,2025-10-09,2025-10-21 03:05:24,SPU032-黄色-XXL
133,2025-10-04,COS官方旗舰店,692612,连帽卫衣春季款,243650,SPU032-黄色-L,7,8,6,2875,1,0,30610,SPU032,黄色,SUB522,A波,https://shop.example.com/product/23449,2025-10-04,2025-10-16 16:38:31,SPU032-黄色-L
134,2025-09-24,江南布衣男装官方旗舰店,853329,长袖T恤新款,242314,SPU033-黄色-XS,452,348,109,14317,280,189,6347,SPU033,黄色,SUB137,C波,https://shop.example.com/product/11533,2025-09-24,2025-10-18 20:54:39,SPU033-黄色-XS
135,2025-10-11,太平鸟童装官方旗舰店,226120,长袖T恤新款,394032,SPU033-黄色-S,1316,470,301,29480,300,107,6126,SPU033,黄色,SUB448,B波,https://shop.example.com/product/90186,2025-10-11,2025-10-13 13:15:19,SPU033-黄色-S
136,2025-09-30,COS女装官方旗舰店,362476,长袖T恤新款,929527,SPU033-黄色-XXL,153,60,34,48917,5,5,15807,SPU033,黄色,SUB145,D波,https://shop.example.com/product/46317,2025-09-30,2025-10-12 22:43:53,SPU033-黄色-XXL
137,2025-09-25,ZARA女装官方旗舰店,894114,长袖T恤新款,829671,SPU033-黄色-M,746,277,3,32083,85,27,26988,SPU033,黄色,SUB438,A波,https://shop.example.com/product/21627,2025-09-25,2025-10-03 20:46:10,SPU033-黄色-M
138,2025-09-29,VERO MODA女装官方旗舰店,703638,长袖T恤新款,391158,SPU033-黄色-S,0,257,218,45637,117,44,23389,SPU033,黄色,SUB871,D波,https://shop.example.com/product/82913,2025-09-29,2025-10-11 11:01:27,SPU033-黄色-S
139,2025-09-09,耐克官方旗舰店,874793,休闲裤新款,202247,SPU034-棕色-XXL,43,356,341,18039,84,24,11276,SPU034,棕色,SUB942,B波,https://shop.example.com/product/40699,2025-09-09,2025-10-04 11:26:23,SPU034-棕色-XXL
140,2025-09-13,H&M男装官方旗舰店,288105,休闲裤新款,305369,SPU034-棕色-XL,428,377,101,8691,23,9,30202,SPU034,棕色,SUB162,D波,https://shop.example.com/product/39573,2025-09-13,2025-10-01 14:01:35,SPU034-棕色-XL
141,2025-09-19,优衣库官方旗舰店,223602,休闲裤新款,860997,SPU034-棕色-S,934,316,104,24028,68,38,28299,SPU034,棕色,SUB257,A波,https://shop.example.com/product/30849,2025-09-19,2025-10-17 18:28:32,SPU034-棕色-S
142,2025-10-15,阿迪达斯官方旗舰店,279699,休闲裤新款,492729,SPU034-棕色-均码,35,242,136,11475,96,87,27548,SPU034,棕色,SUB211,A波,https://shop.example.com/product/30648,2025-10-13,2025-10-22 21:32:29,SPU034-棕色-均码
143,2025-09-22,Pull&Bear官方旗舰店,535214,休闲裤新款,213707,SPU034-棕色-L,222,108,29,45854,9,2,17441,SPU034,棕色,SUB830,C波,https://shop.example.com/product/69382,2025-09-22,2025-10-08 19:33:26,SPU034-棕色-L
144,2025-09-25,森马女装官方旗舰店,792601,训练外套经典款,694850,SPU035-白色-XS,55,80,57,27845,76,22,29168,SPU035,白色,SUB385,C波,https://shop.example.com/product/44108,2025-09-25,2025-10-24 09:06:39,SPU035-白色-XS
145,2025-10-05,VERO MODA女装官方旗舰店,869040,训练外套经典款,937080,SPU035-白色-S,790,310,10,12862,109,51,19368,SPU035,白色,SUB484,D波,https://shop.example.com/product/21930,2025-10-05,2025-10-06 15:07:03,SPU035-白色-S
146,2025-10-15,Massimo Dutti官方旗舰店,935297,训练外套经典款,828254,SPU035-白色-XXXL,259,447,27,15056,297,273,7416,SPU035,白色,SUB673,D波,https://shop.example.com/product/61721,2025-10-13,2025-10-24 13:24:28,SPU035-白色-XXXL
147,2025-10-13,GXG男装官方旗舰店,847056,训练外套经典款,873442,SPU035-白色-XXXL,276,465,27,33944,332,92,35325,SPU035,白色,SUB996,B波,https://shop.example.com/product/26571,2025-10-11,2025-10-26 12:49:25,SPU035-白色-XXXL
148,2025-10-09,ZARA官方旗舰店,633112,训练外套经典款,999996,SPU035-白色-XS,310,123,69,4860,116,30,35324,SPU035,白色,SUB665,A波,https://shop.example.com/product/54448,2025-10-09,2025-10-12 11:21:15,SPU035-白色-XS
149,2025-10-18,播官方旗舰店,373825,羽绒服热卖款,448206,SPU036-红色-XL,562,268,69,11685,47,2,28031,SPU036,红色,SUB602,B波,https://shop.example.com/product/28312,2025-10-16,2025-10-27 09:01:14,SPU036-红色-XL
150,2025-10-02,太平鸟官方旗舰店,832719,羽绒服热卖款,767155,SPU036-红色-XXL,183,411,265,9687,404,319,28989,SPU036,红色,SUB173,D波,https://shop.example.com/product/93080,2025-10-02,2025-10-18 02:28:33,SPU036-红色-XXL
151,2025-10-07,H&M童装官方旗舰店,897064,羽绒服热卖款,437476,SPU036-红色-XXL,471,279,84,44652,41,17,22130,SPU036,红色,SUB130,A波,https://shop.example.com/product/11511,2025-10-07,2025-10-18 09:20:23,SPU036-红色-XXL
152,2025-10-20,GAP男装官方旗舰店,797179,羽绒服热卖款,824443,SPU036-红色-XS,49,399,370,1988,13,1,21135,SPU036,红色,SUB268,A波,https://shop.example.com/product/20830,2025-10-14,2025-10-30 22:45:57,SPU036-红色-XS
153,2025-09-27,播男装官方旗舰店,944495,羽绒服热卖款,203033,SPU036-红色-XL,899,352,275,42437,97,47,3751,SPU036,红色,SUB906,A波,https://shop.example.com/product/29631,2025-09-27,2025-10-16 09:59:11,SPU036-红色-XL
154,2025-10-22,太平鸟女装官方旗舰店,804830,运动T恤热卖款,220751,SPU037-灰色-M,516,180,165,18996,80,37,17092,SPU037,灰色,SUB263,A波,https://shop.example.com/product/81535,2025-10-13,2025-10-23 12:06:30,SPU037-灰色-M
155,2025-09-11,杰克琼斯男装官方旗舰店,800599,运动T恤热卖款,704383,SPU037-灰色-M,1105,416,244,18820,75,62,34224,SPU037,灰色,SUB886,A波,https://shop.example.com/product/29736,2025-09-11,2025-10-10 06:26:11,SPU037-灰色-M
156,2025-10-02,欧时力女装官方旗舰店,751852,运动T恤热卖款,926602,SPU037-灰色-S,21,89,40,24867,36,30,2646,SPU037,灰色,SUB619,D波,https://shop.example.com/product/71251,2025-10-02,2025-10-28 04:46:49,SPU037-灰色-S
157,2025-10-05,杰克琼斯男装官方旗舰店,151226,运动T恤热卖款,102931,SPU037-灰色-XXXL,16,13,3,24765,0,0,22379,SPU037,灰色,SUB190,C波,https://shop.example.com/product/77618,2025-10-05,2025-10-11 10:29:58,SPU037-灰色-XXXL
158,2025-09-20,Pull&Bear官方旗舰店,524865,运动T恤热卖款,496069,SPU037-灰色-XL,288,140,31,15453,135,105,9782,SPU037,灰色,SUB916,C波,https://shop.example.com/product/77067,2025-09-20,2025-10-20 20:36:01,SPU037-灰色-XL
159,2025-09-12,杰克琼斯官方旗舰店,793448,家居服热卖款,151378,SPU038-灰色-M,187,116,39,11156,41,36,24597,SPU038,灰色,SUB847,A波,https://shop.example.com/product/82422,2025-09-12,2025-10-10 13:35:21,SPU038-灰色-M
160,2025-09-30,优衣库男装官方旗舰店,592588,家居服热卖款,155613,SPU038-灰色-XS,832,365,106,15754,20,13,39459,SPU038,灰色,SUB976,D波,https://shop.example.com/product/91014,2025-09-30,2025-10-28 20:39:35,SPU038-灰色-XS
161,2025-09-06,GAP男装官方旗舰店,754728,家居服热卖款,916435,SPU038-灰色-XXXL,538,181,47,8242,4,0,3978,SPU038,灰色,SUB374,A波,https://shop.example.com/product/26044,2025-09-06,2025-10-02 07:21:52,SPU038-灰色-XXXL
162,2025-10-09,播官方旗舰店,975454,家居服热卖款,654251,SPU038-灰色-XXL,254,443,284,34687,200,189,325,SPU038,灰色,SUB367,C波,https://shop.example.com/product/94381,2025-10-09,2025-10-29 08:20:05,SPU038-灰色-XXL
163,2025-10-13,播男装官方旗舰店,622659,休闲衬衫经典款,361111,SPU039-绿色-M,264,90,24,24778,70,24,34624,SPU039,绿色,SUB763,A波,https://shop.example.com/product/62390,2025-10-11,2025-10-22 02:05:18,SPU039-绿色-M
164,2025-10-06,Pull&Bear官方旗舰店,805691,休闲衬衫经典款,168713,SPU039-绿色-XS,72,137,102,40571,62,43,19343,SPU039,绿色,SUB843,B波,https://shop.example.com/product/78383,2025-10-06,2025-10-23 03:56:21,SPU039-绿色-XS
165,2025-09-15,太平鸟童装官方旗舰店,412042,休闲衬衫经典款,266296,SPU039-绿色-均码,21,292,124,27511,157,33,24134,SPU039,绿色,SUB839,D波,https://shop.example.com/product/38032,2025-09-15,2025-10-02 20:45:49,SPU039-绿色-均码
166,2025-09-27,GAP男装官方旗舰店,364083,休闲衬衫经典款,186159,SPU039-绿色-XS,118,53,2,25571,19,9,25551,SPU039,绿色,SUB260,C波,https://shop.example.com/product/58977,2025-09-27,2025-10-26 23:17:52,SPU039-绿色-XS
167,2025-09-24,Pull&Bear男装官方旗舰店,144374,运动T恤热卖款,295652,SPU040-棕色-XS,825,387,117,47259,148,94,22277,SPU040,棕色,SUB656,B波,https://shop.example.com/product/48513,2025-09-24,2025-10-07 20:46:23,SPU040-棕色-XS
168,2025-10-13,耐克官方旗舰店,801145,运动T恤热卖款,188716,SPU040-棕色-均码,240,98,48,20167,93,52,18336,SPU040,棕色,SUB983,C波,https://shop.example.com/product/77237,2025-10-12,2025-10-28 07:52:43,SPU040-棕色-均码
169,2025-10-22,欧时力女装官方旗舰店,123584,运动T恤热卖款,909539,SPU040-棕色-XXL,231,294,55,24141,271,123,36443,SPU040,棕色,SUB814,B波,https://shop.example.com/product/46101,2025-10-16,2025-10-24 08:06:11,SPU040-棕色-XXL
170,2025-09-23,播女装官方旗舰店,739731,运动T恤热卖款,972156,SPU040-棕色-M,356,169,15,44150,34,21,2460,SPU040,棕色,SUB396,A波,https://shop.example.com/product/48191,2025-09-23,2025-10-03 12:28:48,SPU040-棕色-M
171,2025-09-28,ONLY女装官方旗舰店,326632,运动T恤热卖款,319086,SPU040-棕色-XXXL,181,122,24,34485,26,8,38477,SPU040,棕色,SUB422,A波,https://shop.example.com/product/61736,2025-09-28,2025-10-26 03:37:32,SPU040-棕色-XXXL
172,2025-09-13,COS女装官方旗舰店,248285,运动套装热卖款,945097,SPU041-白色-XXL,209,372,46,6198,113,91,39312,SPU041,白色,SUB565,D波,https://shop.example.com/product/26223,2025-09-13,2025-10-03 04:54:53,SPU041-白色-XXL
173,2025-09-30,杰克琼斯男装官方旗舰店,308266,运动套装热卖款,352807,SPU041-白色-XS,607,278,46,41344,24,21,12975,SPU041,白色,SUB604,B波,https://shop.example.com/product/27656,2025-09-30,2025-10-21 18:03:25,SPU041-白色-XS
174,2025-09-30,森马官方旗舰店,336682,运动套装热卖款,141115,SPU041-白色-XXL,416,207,8,47406,164,19,5496,SPU041,白色,SUB868,D波,https://shop.example.com/product/52918,2025-09-30,2025-10-26 07:15:59,SPU041-白色-XXL
175,2025-10-28,播女装官方旗舰店,625004,家居服夏季款,526977,SPU042-白色-XXXL,565,199,184,34371,24,0,699,SPU042,白色,SUB289,B波,https://shop.example.com/product/13482,2025-10-25,2025-10-31 02:47:54,SPU042-白色-XXXL
176,2025-09-21,GXG男装官方旗舰店,211931,家居服夏季款,450841,SPU042-白色-XXXL,849,415,57,36027,15,4,39137,SPU042,白色,SUB636,A波,https://shop.example.com/product/42032,2025-09-21,2025-10-18 16:15:09,SPU042-白色-XXXL
177,2025-09-12,美特斯邦威官方旗舰店,595214,家居服夏季款,767768,SPU042-白色-XS,1018,352,135,47792,193,72,39064,SPU042,白色,SUB222,D波,https://shop.example.com/product/10402,2025-09-12,2025-10-11 12:16:38,SPU042-白色-XS
178,2025-10-03,ZARA男装官方旗舰店,324082,家居服夏季款,510791,SPU042-白色-XXL,753,451,312,22661,317,68,3797,SPU042,白色,SUB178,C波,https://shop.example.com/product/89127,2025-10-03,2025-10-27 18:21:25,SPU042-白色-XXL
179,2025-10-02,Pull&Bear男装官方旗舰店,651510,家居服夏季款,770342,SPU042-白色-XXL,98,36,36,18798,7,1,35338,SPU042,白色,SUB399,B波,https://shop.example.com/product/40323,2025-10-02,2025-10-25 22:53:14,SPU042-白色-XXL
180,2025-09-13,播男装官方旗舰店,459609,训练外套经典款,978775,SPU043-粉色-S,27,203,150,9128,135,104,12760,SPU043,粉色,SUB274,B波,https://shop.example.com/product/38257,2025-09-13,2025-10-10 22:49:19,SPU043-粉色-S
181,2025-10-05,欧时力女装官方旗舰店,255065,训练外套经典款,177071,SPU043-粉色-XXL,245,310,231,18023,308,171,22131,SPU043,粉色,SUB528,A波,https://shop.example.com/product/22088,2025-10-05,2025-10-12 09:49:30,SPU043-粉色-XXL
182,2025-09-22,ZARA童装官方旗舰店,882254,训练外套经典款,998920,SPU043-粉色-均码,374,130,75,8523,9,8,35134,SPU043,粉色,SUB517,A波,https://shop.example.com/product/58081,2025-09-22,2025-10-11 17:19:39,SPU043-粉色-均码
183,2025-10-07,GAP男装官方旗舰店,930505,训练外套经典款,453885,SPU043-粉色-M,243,322,252,25919,10,6,28532,SPU043,粉色,SUB909,A波,https://shop.example.com/product/78070,2025-10-07,2025-10-08 09:37:13,SPU043-粉色-M
184,2025-10-07,Massimo Dutti官方旗舰店,882597,风衣新款,235042,SPU044-橙色-M,873,355,9,2762,49,12,3629,SPU044,橙色,SUB632,B波,https://shop.example.com/product/57359,2025-10-07,2025-10-15 23:40:11,SPU044-橙色-M
185,2025-09-19,Bershka女装官方旗舰店,736933,风衣新款,192672,SPU044-橙色-S,27,199,98,10092,101,87,29860,SPU044,橙色,SUB174,C波,https://shop.example.com/product/37899,2025-09-19,2025-10-16 22:25:50,SPU044-橙色-S
186,2025-09-28,GAP男装官方旗舰店,329222,风衣新款,366366,SPU044-橙色-均码,87,51,22,3411,11,6,33362,SPU044,橙色,SUB663,B波,https://shop.example.com/product/67178,2025-09-28,2025-10-14 03:00:21,SPU044-橙色-均码
187,2025-09-19,秋水伊人女装官方旗舰店,756805,风衣新款,988596,SPU044-橙色-M,496,292,217,36790,55,41,9345,SPU044,橙色,SUB736,B波,https://shop.example.com/product/78746,2025-09-19,2025-10-15 03:10:08,SPU044-橙色-M
188,2025-09-30,欧时力官方旗舰店,886078,风衣新款,142301,SPU044-橙色-均码,237,425,123,19923,135,1,34590,SPU044,橙色,SUB558,B波,https://shop.example.com/product/54906,2025-09-30,2025-10-13 16:07:53,SPU044-橙色-均码
189,2025-09-25,播男装官方旗舰店,799512,羽绒服秋冬款,677019,SPU045-棕色-M,377,152,135,8945,60,26,3022,SPU045,棕色,SUB317,B波,https://shop.example.com/product/94559,2025-09-25,2025-10-21 19:19:51,SPU045-棕色-M
190,2025-10-03,H&M男装官方旗舰店,230167,羽绒服秋冬款,155994,SPU045-棕色-XXXL,104,191,170,24285,157,115,1183,SPU045,棕色,SUB720,A波,https://shop.example.com/product/76505,2025-10-03,2025-10-07 04:41:44,SPU045-棕色-XXXL
191,2025-10-06,GXG男装官方旗舰店,841917,羽绒服秋冬款,167989,SPU045-棕色-XL,296,188,73,37623,144,46,1033,SPU045,棕色,SUB831,D波,https://shop.example.com/product/43455,2025-10-06,2025-10-26 05:21:50,SPU045-棕色-XL
192,2025-09-15,太平鸟男装官方旗舰店,892952,家居服经典款,726891,SPU046-黄色-S,723,298,293,40879,84,80,27573,SPU046,黄色,SUB885,D波,https://shop.example.com/product/96084,2025-09-15,2025-10-14 02:48:06,SPU046-黄色-S
193,2025-09-23,优衣库童装官方旗舰店,734032,家居服经典款,896387,SPU046-黄色-XXXL,307,151,116,5875,141,133,19369,SPU046,黄色,SUB248,C波,https://shop.example.com/product/85927,2025-09-23,2025-10-19 01:46:34,SPU046-黄色-XXXL
194,2025-09-28,美特斯邦威男装官方旗舰店,360257,家居服经典款,254069,SPU046-黄色-M,338,196,144,6746,163,75,1394,SPU046,黄色,SUB890,C波,https://shop.example.com/product/84643,2025-09-28,2025-10-19 01:38:42,SPU046-黄色-M
195,2025-10-08,Stradivarius官方旗舰店,299623,家居服经典款,213618,SPU046-黄色-S,189,316,114,19295,99,99,9259,SPU046,黄色,SUB894,D波,https://shop.example.com/product/62980,2025-10-08,2025-10-24 23:02:34,SPU046-黄色-S
196,2025-10-03,ZARA官方旗舰店,527629,家居服经典款,752442,SPU046-黄色-均码,716,288,11,36563,286,242,10158,SPU046,黄色,SUB507,A波,https://shop.example.com/product/69923,2025-10-03,2025-10-13 08:48:16,SPU046-黄色-均码
197,2025-10-21,Stradivarius女装官方旗舰店,132002,A字连衣裙夏季款,773118,SPU047-灰色-S,905,391,89,49104,213,55,20283,SPU047,灰色,SUB675,B波,https://shop.example.com/product/78156,2025-10-16,2025-10-26 00:12:24,SPU047-灰色-S
198,2025-09-22,森马官方旗舰店,802699,A字连衣裙夏季款,794727,SPU047-灰色-XXXL,616,310,185,42610,112,31,34092,SPU047,灰色,SUB241,A波,https://shop.example.com/product/47316,2025-09-22,2025-10-06 09:25:41,SPU047-灰色-XXXL
199,2025-10-10,Stradivarius女装官方旗舰店,461426,A字连衣裙夏季款,527265,SPU047-灰色-M,241,423,72,45556,1,1,22370,SPU047,灰色,SUB130,B波,https://shop.example.com/product/63245,2025-10-10,2025-10-29 16:02:31,SPU047-灰色-M
200,2025-10-25,森马女装官方旗舰店,809418,A字连衣裙夏季款,253734,SPU047-灰色-L,444,302,136,6127,183,140,25063,SPU047,灰色,SUB686,D波,https://shop.example.com/product/55182,2025-10-16,2025-10-29 00:02:13,SPU047-灰色-L
201,2025-09-25,H&M官方旗舰店,969494,A字连衣裙夏季款,327155,SPU047-灰色-XXL,15,208,143,31583,161,109,6439,SPU047,灰色,SUB788,B波,https://shop.example.com/product/34941,2025-09-25,2025-10-05 14:57:09,SPU047-灰色-XXL
202,2025-10-03,森马官方旗舰店,699268,运动套装热卖款,453215,SPU048-绿色-均码,246,413,128,12585,270,136,26127,SPU048,绿色,SUB654,B波,https://shop.example.com/product/41536,2025-10-03,2025-10-09 14:48:31,SPU048-绿色-均码
203,2025-10-03,Mango女装官方旗舰店,633757,运动套装热卖款,385109,SPU048-绿色-S,641,300,20,1930,159,42,31353,SPU048,绿色,SUB870,B波,https://shop.example.com/product/10128,2025-10-03,2025-10-15 03:30:51,SPU048-绿色-S
204,2025-09-20,杰克琼斯男装官方旗舰店,509650,运动套装热卖款,508196,SPU048-绿色-M,1,3,0,7653,3,3,33023,SPU048,绿色,SUB306,A波,https://shop.example.com/product/20644,2025-09-20,2025-10-09 17:08:08,SPU048-绿色-M
205,2025-10-12,Massimo Dutti女装官方旗舰店,741613,运动套装热卖款,451106,SPU048-绿色-L,52,342,24,4339,98,48,34590,SPU048,绿色,SUB157,C波,https://shop.example.com/product/20499,2025-10-11,2025-10-20 01:02:57,SPU048-绿色-L
206,2025-09-11,Mango女装官方旗舰店,873566,风衣新款,437004,SPU049-灰色-XXXL,27,150,116,26724,18,5,34197,SPU049,灰色,SUB300,D波,https://shop.example.com/product/94157,2025-09-11,2025-10-08 06:52:44,SPU049-灰色-XXXL
207,2025-09-02,Pull&Bear官方旗舰店,152742,风衣新款,865435,SPU049-灰色-S,377,210,56,41779,160,71,17702,SPU049,灰色,SUB117,D波,https://shop.example.com/product/67756,2025-09-02,2025-10-01 20:45:26,SPU049-灰色-S
208,2025-09-11,欧时力官方旗舰店,509718,风衣新款,270196,SPU049-灰色-S,59,226,182,29427,153,35,26425,SPU049,灰色,SUB881,D波,https://shop.example.com/product/98000,2025-09-11,2025-10-10 01:15:13,SPU049-灰色-S
209,2025-09-27,GXG官方旗舰店,120407,休闲裤热卖款,682446,SPU050-黑色-L,23,66,62,47512,17,15,25196,SPU050,黑色,SUB148,B波,https://shop.example.com/product/84110,2025-09-27,2025-10-24 01:53:22,SPU050-黑色-L
210,2025-09-14,H&M官方旗舰店,906473,休闲裤热卖款,915519,SPU050-黑色-均码,539,358,11,26036,308,268,34965,SPU050,黑色,SUB369,A波,https://shop.example.com/product/35594,2025-09-14,2025-10-08 04:47:57,SPU050-黑色-均码
211,2025-10-01,播女装官方旗舰店,343388,休闲裤热卖款,193519,SPU050-黑色-XXL,67,101,40,23453,25,22,11222,SPU050,黑色,SUB307,C波,https://shop.example.com/product/62600,2025-10-01,2025-10-15 14:20:11,SPU050-黑色-XXL
212,2025-10-07,森马女装官方旗舰店,182995,休闲裤热卖款,586806,SPU050-黑色-XXL,2,55,13,10765,29,21,6662,SPU050,黑色,SUB180,B波,https://shop.example.com/product/10060,2025-10-07,2025-10-30 18:32:17,SPU050-黑色-XXL
213,2025-09-25,太平鸟官方旗舰店,886786,短袖T恤夏季款,542393,SPU051-橙色-XS,243,194,131,43885,28,10,8674,SPU051,橙色,SUB578,D波,https://shop.example.com/product/81580,2025-09-25,2025-10-14 15:36:48,SPU051-橙色-XS
214,2025-09-20,太平鸟女装官方旗舰店,227154,短袖T恤夏季款,299635,SPU051-橙色-L,223,293,229,4871,176,170,35729,SPU051,橙色,SUB403,C波,https://shop.example.com/product/44681,2025-09-20,2025-10-09 17:34:39,SPU051-橙色-L
215,2025-09-22,H&M男装官方旗舰店,276888,短袖T恤夏季款,706922,SPU051-橙色-均码,330,303,24,9230,25,12,19268,SPU051,橙色,SUB622,A波,https://shop.example.com/product/22388,2025-09-22,2025-10-10 05:27:58,SPU051-橙色-均码
216,2025-10-18,欧时力官方旗舰店,155469,休闲衬衫热卖款,347996,SPU052-棕色-L,462,220,52,44698,70,32,6659,SPU052,棕色,SUB507,D波,https://shop.example.com/product/80016,2025-10-13,2025-10-28 01:29:54,SPU052-棕色-L
217,2025-10-03,Stradivarius女装官方旗舰店,585705,休闲衬衫热卖款,876907,SPU052-棕色-L,127,55,42,33645,9,2,12232,SPU052,棕色,SUB176,A波,https://shop.example.com/product/31165,2025-10-03,2025-10-18 21:45:02,SPU052-棕色-L
218,2025-10-14,Bershka女装官方旗舰店,615454,休闲衬衫热卖款,960498,SPU052-棕色-XXXL,603,327,274,11953,47,6,12673,SPU052,棕色,SUB367,D波,https://shop.example.com/product/32494,2025-10-13,2025-10-29 20:55:27,SPU052-棕色-XXXL
219,2025-09-17,美特斯邦威官方旗舰店,870229,休闲衬衫热卖款,970053,SPU052-棕色-M,503,293,224,15326,279,218,15180,SPU052,棕色,SUB995,B波,https://shop.example.com/product/25071,2025-09-17,2025-10-04 05:15:09,SPU052-棕色-M
220,2025-10-20,Stradivarius官方旗舰店,669913,休闲衬衫热卖款,814637,SPU052-棕色-均码,652,434,209,1910,263,173,15001,SPU052,棕色,SUB686,D波,https://shop.example.com/product/13003,2025-10-12,2025-10-30 14:18:14,SPU052-棕色-均码
221,2025-10-18,ZARA童装官方旗舰店,717203,风衣新款,671052,SPU053-绿色-XL,736,252,162,28094,201,103,7798,SPU053,绿色,SUB564,D波,https://shop.example.com/product/18007,2025-10-12,2025-10-24 18:39:00,SPU053-绿色-XL
222,2025-10-20,江南布衣官方旗舰店,524762,风衣新款,643453,SPU053-绿色-XXXL,150,206,202,1013,127,93,147,SPU053,绿色,SUB485,B波,https://shop.example.com/product/21056,2025-10-11,2025-10-28 21:51:45,SPU053-绿色-XXXL
223,2025-10-05,Stradivarius官方旗舰店,334784,风衣新款,759737,SPU053-绿色-M,357,337,167,44163,87,20,5648,SPU053,绿色,SUB502,C波,https://shop.example.com/product/11944,2025-10-05,2025-10-15 09:57:06,SPU053-绿色-M
224,2025-10-04,森马女装官方旗舰店,569009,风衣新款,209996,SPU053-绿色-XXXL,542,397,207,37318,171,38,4775,SPU053,绿色,SUB635,B波,https://shop.example.com/product/19535,2025-10-04,2025-10-11 18:05:17,SPU053-绿色-XXXL
225,2025-09-26,森马官方旗舰店,695451,风衣新款,517260,SPU053-绿色-XXXL,467,292,20,36538,71,68,17597,SPU053,绿色,SUB340,D波,https://shop.example.com/product/91715,2025-09-26,2025-10-24 09:53:08,SPU053-绿色-XXXL
226,2025-09-18,欧时力官方旗舰店,921401,短裤夏季款,673283,SPU054-红色-XXL,888,311,8,10376,277,64,2476,SPU054,红色,SUB971,C波,https://shop.example.com/product/14444,2025-09-18,2025-10-07 19:36:21,SPU054-红色-XXL
227,2025-09-24,ZARA童装官方旗舰店,865079,短裤夏季款,340961,SPU054-红色-XXXL,1356,487,430,35539,309,221,39205,SPU054,红色,SUB833,C波,https://shop.example.com/product/76500,2025-09-24,2025-10-06 09:09:12,SPU054-红色-XXXL
228,2025-09-14,优衣库童装官方旗舰店,236302,短裤夏季款,412619,SPU054-红色-L,1240,496,172,48196,149,131,36276,SPU054,红色,SUB744,A波,https://shop.example.com/product/94839,2025-09-14,2025-10-11 10:02:04,SPU054-红色-L
229,2025-09-29,GXG官方旗舰店,573813,短裤夏季款,756477,SPU054-红色-XXXL,129,43,29,49228,18,1,28927,SPU054,红色,SUB193,C波,https://shop.example.com/product/33467,2025-09-29,2025-10-16 17:02:36,SPU054-红色-XXXL
230,2025-10-03,森马女装官方旗舰店,521164,风衣夏季款,569320,SPU055-黑色-XXL,199,120,61,12844,114,69,12239,SPU055,黑色,SUB126,D波,https://shop.example.com/product/46031,2025-10-03,2025-10-24 20:09:07,SPU055-黑色-XXL
231,2025-09-27,优衣库女装官方旗舰店,166564,风衣夏季款,854354,SPU055-黑色-XS,472,194,126,40005,19,17,32274,SPU055,黑色,SUB493,B波,https://shop.example.com/product/91741,2025-09-27,2025-10-20 09:03:50,SPU055-黑色-XS
232,2025-09-14,欧时力女装官方旗舰店,621379,风衣夏季款,853443,SPU055-黑色-S,865,294,78,8486,223,81,33824,SPU055,黑色,SUB690,B波,https://shop.example.com/product/74737,2025-09-14,2025-10-11 10:33:45,SPU055-黑色-S
233,2025-09-28,GAP童装官方旗舰店,774554,风衣夏季款,657989,SPU055-黑色-M,651,383,348,34366,19,0,26122,SPU055,黑色,SUB758,B波,https://shop.example.com/product/99435,2025-09-28,2025-10-22 16:29:32,SPU055-黑色-M
234,2025-09-17,杰克琼斯官方旗舰店,154391,风衣夏季款,829286,SPU055-黑色-M,275,320,15,43487,121,114,23616,SPU055,黑色,SUB873,D波,https://shop.example.com/product/59930,2025-09-17,2025-10-11 03:40:34,SPU055-黑色-M
235,2025-10-20,美特斯邦威官方旗舰店,818916,运动长裤新款,578816,SPU056-红色-XS,78,372,15,44106,317,63,11004,SPU056,红色,SUB386,B波,https://shop.example.com/product/54909,2025-10-16,2025-10-25 19:36:51,SPU056-红色-XS
236,2025-09-19,秋水伊人官方旗舰店,363408,运动长裤新款,291423,SPU056-红色-XXXL,1072,436,201,30191,191,151,25825,SPU056,红色,SUB300,B波,https://shop.example.com/product/56271,2025-09-19,2025-10-18 21:42:23,SPU056-红色-XXXL
237,2025-10-20,优衣库女装官方旗舰店,408453,运动长裤新款,294708,SPU056-红色-L,505,423,324,8722,417,349,34911,SPU056,红色,SUB857,C波,https://shop.example.com/product/61299,2025-10-14,2025-10-21 23:59:12,SPU056-红色-L
238,2025-09-22,Pull&Bear男装官方旗舰店,304019,针织衫夏季款,672713,SPU057-米色-M,1172,425,52,22294,113,51,10775,SPU057,米色,SUB366,A波,https://shop.example.com/product/99714,2025-09-22,2025-10-10 20:44:26,SPU057-米色-M
239,2025-10-04,Stradivarius官方旗舰店,658933,针织衫夏季款,898488,SPU057-米色-XXXL,691,348,247,11658,167,87,25498,SPU057,米色,SUB271,B波,https://shop.example.com/product/62907,2025-10-04,2025-10-24 16:09:46,SPU057-米色-XXXL
240,2025-10-03,太平鸟官方旗舰店,828338,针织衫夏季款,333067,SPU057-米色-M,703,484,271,39841,301,189,6699,SPU057,米色,SUB328,A波,https://shop.example.com/product/83391,2025-10-03,2025-10-06 21:11:54,SPU057-米色-M
241,2025-10-20,杰克琼斯官方旗舰店,483573,针织衫夏季款,126905,SPU057-米色-XL,1002,363,265,17226,200,98,36613,SPU057,米色,SUB432,A波,https://shop.example.com/product/89938,2025-10-12,2025-10-29 17:39:54,SPU057-米色-XL
242,2025-09-22,GAP男装官方旗舰店,813139,针织衫夏季款,401260,SPU057-米色-XL,422,164,66,14693,124,0,12724,SPU057,米色,SUB413,A波,https://shop.example.com/product/98529,2025-09-22,2025-10-05 00:11:25,SPU057-米色-XL
243,2025-10-01,Massimo Dutti女装官方旗舰店,704991,运动套装热卖款,178129,SPU058-绿色-XXXL,231,457,246,39256,262,247,10801,SPU058,绿色,SUB148,B波,https://shop.example.com/product/78359,2025-10-01,2025-10-29 20:57:36,SPU058-绿色-XXXL
244,2025-09-13,美特斯邦威官方旗舰店,710247,运动套装热卖款,347482,SPU058-绿色-XL,551,426,406,2470,360,44,23869,SPU058,绿色,SUB315,D波,https://shop.example.com/product/50315,2025-09-13,2025-10-01 13:16:39,SPU058-绿色-XL
245,2025-10-20,欧时力官方旗舰店,575714,运动套装热卖款,212745,SPU058-绿色-L,83,45,20,13257,20,3,14194,SPU058,绿色,SUB846,B波,https://shop.example.com/product/57986,2025-10-18,2025-10-28 04:46:47,SPU058-绿色-L
246,2025-10-11,Massimo Dutti女装官方旗舰店,539860,运动套装热卖款,598970,SPU058-绿色-XXL,745,317,268,6381,109,30,27934,SPU058,绿色,SUB558,C波,https://shop.example.com/product/16002,2025-10-11,2025-10-31 01:43:53,SPU058-绿色-XXL
247,2025-10-04,Mango女装官方旗舰店,256957,运动套装热卖款,830989,SPU058-绿色-XS,20,8,1,18578,4,0,2306,SPU058,绿色,SUB894,C波,https://shop.example.com/product/33242,2025-10-04,2025-10-14 08:29:10,SPU058-绿色-XS
248,2025-09-21,优衣库女装官方旗舰店,654919,牛仔裤新款,227940,SPU059-黑色-XL,605,233,134,30991,98,71,3941,SPU059,黑色,SUB719,B波,https://shop.example.com/product/72654,2025-09-21,2025-10-07 22:00:25,SPU059-黑色-XL
249,2025-10-05,杰克琼斯官方旗舰店,236079,牛仔裤新款,346425,SPU059-黑色-S,8,3,2,26358,2,0,8968,SPU059,黑色,SUB438,D波,https://shop.example.com/product/64536,2025-10-05,2025-10-21 03:54:31,SPU059-黑色-S
250,2025-10-11,Pull&Bear男装官方旗舰店,910471,牛仔裤新款,711914,SPU059-黑色-L,64,29,13,49433,10,7,35318,SPU059,黑色,SUB552,C波,https://shop.example.com/product/49144,2025-10-11,2025-10-25 07:56:08,SPU059-黑色-L
251,2025-09-29,Mango官方旗舰店,616645,牛仔裤新款,840401,SPU059-黑色-L,691,441,261,22104,85,85,18324,SPU059,黑色,SUB654,C波,https://shop.example.com/product/87112,2025-09-29,2025-10-25 23:45:38,SPU059-黑色-L
252,2025-10-13,GAP童装官方旗舰店,432741,牛仔裤新款,925866,SPU059-黑色-XXL,628,216,73,11650,93,64,8447,SPU059,黑色,SUB411,A波,https://shop.example.com/product/20876,2025-10-11,2025-10-24 12:52:35,SPU059-黑色-XXL
253,2025-10-13,江南布衣女装官方旗舰店,448436,运动T恤热卖款,126629,SPU060-红色-XL,278,415,3,2582,354,21,10219,SPU060,红色,SUB920,C波,https://shop.example.com/product/58824,2025-10-11,2025-10-22 14:04:30,SPU060-红色-XL
254,2025-09-26,GXG男装官方旗舰店,778785,运动T恤热卖款,343363,SPU060-红色-均码,74,327,121,8593,117,82,7584,SPU060,红色,SUB918,C波,https://shop.example.com/product/51599,2025-09-26,2025-10-26 01:39:47,SPU060-红色-均码
255,2025-09-15,阿迪达斯官方旗舰店,439714,运动T恤热卖款,456442,SPU060-红色-均码,61,35,2,34195,13,3,27897,SPU060,红色,SUB668,B波,https://shop.example.com/product/99390,2025-09-15,2025-10-12 01:10:54,SPU060-红色-均码
256,2025-09-30,韩都衣舍官方旗舰店,398176,运动T恤热卖款,992466,SPU060-红色-S,133,51,33,40429,18,12,25285,SPU060,红色,SUB700,D波,https://shop.example.com/product/28883,2025-09-30,2025-10-06 23:28:21,SPU060-红色-S
257,2025-10-21,江南布衣女装官方旗舰店,570815,休闲裤夏季款,768280,SPU061-白色-S,451,255,149,42149,113,52,9811,SPU061,白色,SUB864,A波,https://shop.example.com/product/27004,2025-10-18,2025-10-25 21:13:41,SPU061-白色-S
258,2025-09-20,H&M童装官方旗舰店,837866,休闲裤夏季款,275855,SPU061-白色-XS,377,187,73,13706,131,17,34460,SPU061,白色,SUB323,B波,https://shop.example.com/product/81219,2025-09-20,2025-10-15 17:25:08,SPU061-白色-XS
259,2025-09-26,H&M童装官方旗舰店,240221,休闲裤夏季款,299673,SPU061-白色-均码,128,413,64,13119,54,38,9385,SPU061,白色,SUB999,A波,https://shop.example.com/product/92170,2025-09-26,2025-10-13 00:58:16,SPU061-白色-均码
260,2025-10-20,ZARA官方旗舰店,495477,套头卫衣热卖款,874159,SPU062-灰色-S,4,156,23,34051,23,7,27221,SPU062,灰色,SUB368,D波,https://shop.example.com/product/30991,2025-10-16,2025-10-27 01:37:04,SPU062-灰色-S
261,2025-09-12,森马男装官方旗舰店,585685,套头卫衣热卖款,461766,SPU062-灰色-XL,12,104,68,10817,91,60,26478,SPU062,灰色,SUB631,A波,https://shop.example.com/product/97183,2025-09-12,2025-10-12 12:15:15,SPU062-灰色-XL
262,2025-10-05,GAP童装官方旗舰店,289441,套头卫衣热卖款,467093,SPU062-灰色-M,491,233,118,21027,45,16,23801,SPU062,灰色,SUB675,C波,https://shop.example.com/product/73417,2025-10-05,2025-10-30 06:09:40,SPU062-灰色-M
263,2025-10-04,Pull&Bear官方旗舰店,698966,运动T恤秋冬款,134281,SPU063-粉色-XL,83,69,18,40541,48,5,33484,SPU063,粉色,SUB936,D波,https://shop.example.com/product/60123,2025-10-04,2025-10-29 23:17:46,SPU063-粉色-XL
264,2025-10-13,森马男装官方旗舰店,352800,运动T恤秋冬款,864995,SPU063-粉色-M,209,460,200,3479,336,281,11904,SPU063,粉色,SUB835,D波,https://shop.example.com/product/25850,2025-10-11,2025-10-15 11:24:58,SPU063-粉色-M
265,2025-10-02,Stradivarius官方旗舰店,166397,运动T恤秋冬款,579374,SPU063-粉色-XXL,703,330,110,12997,240,113,14239,SPU063,粉色,SUB678,B波,https://shop.example.com/product/13836,2025-10-02,2025-10-23 11:00:06,SPU063-粉色-XXL
266,2025-09-24,Stradivarius官方旗舰店,262730,运动T恤秋冬款,704659,SPU063-粉色-XL,489,166,145,40292,46,13,26996,SPU063,粉色,SUB275,A波,https://shop.example.com/product/65980,2025-09-24,2025-10-05 22:28:32,SPU063-粉色-XL
267,2025-09-23,ZARA女装官方旗舰店,995344,运动T恤秋冬款,713602,SPU063-粉色-XXL,154,409,327,19870,167,60,36250,SPU063,粉色,SUB663,B波,https://shop.example.com/product/40992,2025-09-23,2025-10-10 03:54:57,SPU063-粉色-XXL
268,2025-10-20,森马官方旗舰店,785055,童装套装春季款,481359,SPU064-粉色-L,500,459,404,37853,85,69,13316,SPU064,粉色,SUB427,C波,https://shop.example.com/product/44967,2025-10-17,2025-10-28 22:15:56,SPU064-粉色-L
269,2025-09-21,秋水伊人女装官方旗舰店,859993,童装套装春季款,775918,SPU064-粉色-XL,474,213,188,48736,31,31,14343,SPU064,粉色,SUB265,D波,https://shop.example.com/product/47990,2025-09-21,2025-10-12 00:33:23,SPU064-粉色-XL
270,2025-10-02,耐克官方旗舰店,698782,童装套装春季款,448781,SPU064-粉色-XXXL,133,126,110,16639,120,73,32644,SPU064,粉色,SUB725,A波,https://shop.example.com/product/33653,2025-10-02,2025-10-29 12:31:24,SPU064-粉色-XXXL
271,2025-10-06,杰克琼斯男装官方旗舰店,964937,休闲裤秋冬款,989133,SPU065-黄色-M,1192,457,224,176,228,47,37423,SPU065,黄色,SUB278,D波,https://shop.example.com/product/19159,2025-10-06,2025-10-13 23:19:13,SPU065-黄色-M
272,2025-09-26,美特斯邦威官方旗舰店,358462,休闲裤秋冬款,799107,SPU065-黄色-S,230,82,76,30704,7,7,7373,SPU065,黄色,SUB319,D波,https://shop.example.com/product/52844,2025-09-26,2025-10-14 18:39:07,SPU065-黄色-S
273,2025-09-18,江南布衣官方旗舰店,237015,休闲裤秋冬款,256489,SPU065-黄色-XXL,7,70,12,8828,66,46,26026,SPU065,黄色,SUB846,A波,https://shop.example.com/product/81824,2025-09-18,2025-10-18 11:17:30,SPU065-黄色-XXL
274,2025-10-07,优衣库官方旗舰店,146625,速干短裤秋冬款,378199,SPU066-黄色-均码,283,96,62,39752,22,21,30513,SPU066,黄色,SUB631,D波,https://shop.example.com/product/55785,2025-10-07,2025-10-09 23:03:30,SPU066-黄色-均码
275,2025-09-22,ZARA童装官方旗舰店,875926,速干短裤秋冬款,857118,SPU066-黄色-S,762,350,341,33707,107,45,12101,SPU066,黄色,SUB342,D波,https://shop.example.com/product/17979,2025-09-22,2025-10-08 10:57:08,SPU066-黄色-S
276,2025-10-21,GAP童装官方旗舰店,953132,速干短裤秋冬款,905902,SPU066-黄色-XXL,82,408,103,1136,384,142,19798,SPU066,黄色,SUB341,D波,https://shop.example.com/product/94594,2025-10-11,2025-10-30 10:36:19,SPU066-黄色-XXL
277,2025-09-22,Mango女装官方旗舰店,932830,速干短裤秋冬款,701727,SPU066-黄色-均码,41,41,7,30160,36,4,22733,SPU066,黄色,SUB955,B波,https://shop.example.com/product/37531,2025-09-22,2025-10-20 09:48:51,SPU066-黄色-均码
278,2025-10-04,美特斯邦威男装官方旗舰店,198114,速干短裤秋冬款,123950,SPU066-黄色-S,305,446,329,37826,372,85,38461,SPU066,黄色,SUB867,C波,https://shop.example.com/product/97032,2025-10-04,2025-10-23 19:04:57,SPU066-黄色-S
279,2025-10-16,韩都衣舍官方旗舰店,308498,开衫秋冬款,601186,SPU067-绿色-XXL,17,12,10,48163,1,0,3715,SPU067,绿色,SUB726,B波,https://shop.example.com/product/10643,2025-10-13,2025-10-26 03:02:48,SPU067-绿色-XXL
280,2025-10-06,播男装官方旗舰店,186662,开衫秋冬款,320638,SPU067-绿色-L,703,295,255,6090,212,155,7547,SPU067,绿色,SUB248,D波,https://shop.example.com/product/16346,2025-10-06,2025-10-13 14:07:48,SPU067-绿色-L
281,2025-10-10,H&M男装官方旗舰店,259160,开衫秋冬款,221173,SPU067-绿色-M,212,324,80,7738,77,58,26877,SPU067,绿色,SUB577,B波,https://shop.example.com/product/17012,2025-10-10,2025-10-16 20:15:17,SPU067-绿色-M
282,2025-09-24,GAP男装官方旗舰店,882259,开衫秋冬款,806150,SPU067-绿色-S,22,58,7,7386,38,24,26391,SPU067,绿色,SUB207,B波,https://shop.example.com/product/33685,2025-09-24,2025-10-07 22:34:11,SPU067-绿色-S
283,2025-10-06,优衣库女装官方旗舰店,856726,开衫秋冬款,133467,SPU067-绿色-XS,57,21,4,47382,3,2,34678,SPU067,绿色,SUB878,D波,https://shop.example.com/product/42594,2025-10-06,2025-10-16 20:43:46,SPU067-绿色-XS
284,2025-09-08,H&M童装官方旗舰店,865125,休闲衬衫新款,324488,SPU068-米色-L,18,101,37,37478,79,24,28275,SPU068,米色,SUB489,C波,https://shop.example.com/product/37315,2025-09-08,2025-10-05 10:46:34,SPU068-米色-L
285,2025-10-05,ZARA女装官方旗舰店,287524,休闲衬衫新款,577462,SPU068-米色-XXXL,666,274,154,34143,6,0,9806,SPU068,米色,SUB882,C波,https://shop.example.com/product/33086,2025-10-05,2025-10-20 22:18:47,SPU068-米色-XXXL
286,2025-09-22,欧时力官方旗舰店,123812,休闲衬衫新款,928204,SPU068-米色-L,142,51,43,25872,5,5,34394,SPU068,米色,SUB243,C波,https://shop.example.com/product/11145,2025-09-22,2025-10-15 11:53:16,SPU068-米色-L
287,2025-10-04,Mango官方旗舰店,257420,休闲衬衫新款,725290,SPU068-米色-XL,293,295,192,8441,167,4,38758,SPU068,米色,SUB298,C波,https://shop.example.com/product/55871,2025-10-04,2025-10-13 03:24:09,SPU068-米色-XL
288,2025-10-07,Massimo Dutti男装官方旗舰店,929398,休闲衬衫新款,169224,SPU068-米色-XS,2,369,109,46902,194,170,37281,SPU068,米色,SUB710,C波,https://shop.example.com/product/26803,2025-10-07,2025-10-23 02:13:10,SPU068-米色-XS
289,2025-09-11,GXG男装官方旗舰店,620678,休闲衬衫秋冬款,963495,SPU069-米色-XS,34,398,397,6368,355,117,29735,SPU069,米色,SUB221,B波,https://shop.example.com/product/46105,2025-09-11,2025-10-04 17:15:40,SPU069-米色-XS
290,2025-09-25,VERO MODA女装官方旗舰店,476455,休闲衬衫秋冬款,676396,SPU069-米色-XS,167,97,69,24031,54,24,20115,SPU069,米色,SUB880,B波,https://shop.example.com/product/37788,2025-09-25,2025-10-22 10:50:13,SPU069-米色-XS
291,2025-09-17,播官方旗舰店,178589,休闲衬衫秋冬款,878720,SPU069-米色-M,319,433,13,9230,13,7,3526,SPU069,米色,SUB532,A波,https://shop.example.com/product/57424,2025-09-17,2025-10-07 12:09:28,SPU069-米色-M
292,2025-10-18,播男装官方旗舰店,342018,休闲衬衫秋冬款,684610,SPU069-米色-S,506,314,142,3952,82,21,39260,SPU069,米色,SUB734,A波,https://shop.example.com/product/68079,2025-10-11,2025-10-20 22:39:14,SPU069-米色-S
293,2025-10-01,江南布衣女装官方旗舰店,546901,连帽卫衣春季款,719511,SPU070-棕色-M,45,368,211,14955,43,8,8289,SPU070,棕色,SUB980,C波,https://shop.example.com/product/79605,2025-10-01,2025-10-04 20:05:46,SPU070-棕色-M
294,2025-09-22,美特斯邦威官方旗舰店,434952,连帽卫衣春季款,373743,SPU070-棕色-XS,975,332,81,44856,54,40,496,SPU070,棕色,SUB327,C波,https://shop.example.com/product/14244,2025-09-22,2025-10-04 06:56:32,SPU070-棕色-XS
295,2025-09-23,Massimo Dutti官方旗舰店,117679,连帽卫衣春季款,746066,SPU070-棕色-XL,185,127,103,32531,15,14,24154,SPU070,棕色,SUB533,C波,https://shop.example.com/product/91645,2025-09-23,2025-10-11 07:38:36,SPU070-棕色-XL
296,2025-10-01,江南布衣男装官方旗舰店,718788,家居服热卖款,809957,SPU071-粉色-M,99,33,22,24377,23,9,27863,SPU071,粉色,SUB963,B波,https://shop.example.com/product/42256,2025-10-01,2025-10-28 22:57:55,SPU071-粉色-M
297,2025-09-27,Massimo Dutti男装官方旗舰店,211594,家居服热卖款,243507,SPU071-粉色-XXXL,128,128,118,28454,122,0,7245,SPU071,粉色,SUB145,A波,https://shop.example.com/product/25533,2025-09-27,2025-10-20 07:24:53,SPU071-粉色-XXXL
298,2025-10-03,欧时力女装官方旗舰店,228594,家居服热卖款,140611,SPU071-粉色-L,424,408,13,48279,401,211,36296,SPU071,粉色,SUB335,A波,https://shop.example.com/product/68894,2025-10-03,2025-10-12 19:14:21,SPU071-粉色-L
299,2025-09-21,GAP女装官方旗舰店,194351,家居服热卖款,612737,SPU071-粉色-均码,165,204,108,33834,70,5,35676,SPU071,粉色,SUB113,A波,https://shop.example.com/product/97843,2025-09-21,2025-10-17 10:15:04,SPU071-粉色-均码
300,2025-10-09,COS官方旗舰店,255327,家居服热卖款,721540,SPU071-粉色-XXXL,31,187,184,7089,114,43,3984,SPU071,粉色,SUB574,A波,https://shop.example.com/product/35622,2025-10-09,2025-10-14 21:38:48,SPU071-粉色-XXXL
301,2025-10-16,太平鸟童装官方旗舰店,574966,休闲裤新款,206604,SPU072-灰色-XXL,252,260,27,30274,21,7,21767,SPU072,灰色,SUB181,A波,https://shop.example.com/product/47712,2025-10-12,2025-10-19 04:48:55,SPU072-灰色-XXL
302,2025-09-23,秋水伊人官方旗舰店,615934,休闲裤新款,414820,SPU072-灰色-S,204,184,102,11467,135,29,12881,SPU072,灰色,SUB125,A波,https://shop.example.com/product/84072,2025-09-23,2025-10-15 04:41:21,SPU072-灰色-S
303,2025-09-25,GXG官方旗舰店,657519,休闲裤新款,653776,SPU072-灰色-M,363,222,114,27912,46,45,28146,SPU072,灰色,SUB710,C波,https://shop.example.com/product/75034,2025-09-25,2025-10-18 21:50:13,SPU072-灰色-M
304,2025-10-21,Massimo Dutti官方旗舰店,688521,休闲裤新款,105732,SPU072-灰色-M,21,15,6,43977,6,6,13131,SPU072,灰色,SUB721,D波,https://shop.example.com/product/30523,2025-10-18,2025-10-24 04:19:13,SPU072-灰色-M
305,2025-09-18,ONLY女装官方旗舰店,560824,短裤秋冬款,366570,SPU073-蓝色-XL,895,421,201,28626,414,76,5172,SPU073,蓝色,SUB461,A波,https://shop.example.com/product/78762,2025-09-18,2025-10-11 13:19:38,SPU073-蓝色-XL
306,2025-10-01,Mango官方旗舰店,833455,短裤秋冬款,995221,SPU073-蓝色-XS,243,123,2,2102,106,7,17432,SPU073,蓝色,SUB512,D波,https://shop.example.com/product/65779,2025-10-01,2025-10-22 09:04:06,SPU073-蓝色-XS
307,2025-10-03,美特斯邦威官方旗舰店,757286,短裤秋冬款,717940,SPU073-蓝色-XXL,6,51,48,4444,19,3,3314,SPU073,蓝色,SUB557,D波,https://shop.example.com/product/97364,2025-10-03,2025-10-24 17:24:43,SPU073-蓝色-XXL
308,2025-10-19,ONLY女装官方旗舰店,364573,短裤秋冬款,139165,SPU073-蓝色-M,20,239,191,42932,31,16,38375,SPU073,蓝色,SUB341,A波,https://shop.example.com/product/83783,2025-10-15,2025-10-22 11:20:16,SPU073-蓝色-M
309,2025-09-22,Mango女装官方旗舰店,841875,短裤秋冬款,761729,SPU073-蓝色-均码,552,387,293,198,358,161,16337,SPU073,蓝色,SUB783,A波,https://shop.example.com/product/51506,2025-09-22,2025-10-06 21:05:54,SPU073-蓝色-均码
310,2025-10-12,优衣库官方旗舰店,367933,运动长裤春季款,740216,SPU074-绿色-M,1027,401,19,38643,88,38,39186,SPU074,绿色,SUB941,D波,https://shop.example.com/product/61773,2025-10-11,2025-10-18 17:32:21,SPU074-绿色-M
311,2025-09-25,韩都衣舍女装官方旗舰店,616763,运动长裤春季款,769915,SPU074-绿色-L,458,401,331,4267,310,101,30359,SPU074,绿色,SUB704,D波,https://shop.example.com/product/99804,2025-09-25,2025-10-11 14:25:29,SPU074-绿色-L
312,2025-09-20,太平鸟童装官方旗舰店,500788,运动长裤春季款,732277,SPU074-绿色-L,142,61,47,19176,52,6,26927,SPU074,绿色,SUB491,A波,https://shop.example.com/product/29456,2025-09-20,2025-10-03 05:45:04,SPU074-绿色-L
313,2025-10-01,欧时力官方旗舰店,151489,运动长裤春季款,608581,SPU074-绿色-XL,245,110,73,17443,62,15,15289,SPU074,绿色,SUB950,B波,https://shop.example.com/product/52247,2025-10-01,2025-10-10 08:45:11,SPU074-绿色-XL
314,2025-09-24,VERO MODA官方旗舰店,872766,运动长裤春季款,822347,SPU074-绿色-均码,527,223,171,38730,46,38,18946,SPU074,绿色,SUB696,A波,https://shop.example.com/product/90025,2025-09-24,2025-10-24 11:52:07,SPU074-绿色-均码
315,2025-09-26,阿迪达斯官方旗舰店,170249,短裤秋冬款,846048,SPU075-白色-均码,270,228,42,28232,206,169,9146,SPU075,白色,SUB126,B波,https://shop.example.com/product/71245,2025-09-26,2025-10-08 18:34:51,SPU075-白色-均码
316,2025-10-24,播女装官方旗舰店,959636,短裤秋冬款,666808,SPU075-白色-XXXL,21,26,3,5834,16,13,3599,SPU075,白色,SUB961,B波,https://shop.example.com/product/96606,2025-10-14,2025-10-26 04:21:33,SPU075-白色-XXXL
317,2025-10-19,耐克官方旗舰店,761467,短裤秋冬款,942268,SPU075-白色-XXL,676,340,321,17006,337,48,35766,SPU075,白色,SUB918,A波,https://shop.example.com/product/40829,2025-10-15,2025-10-31 06:37:45,SPU075-白色-XXL
318,2025-09-28,ZARA童装官方旗舰店,887402,短裤秋冬款,745093,SPU075-白色-S,525,189,152,33060,175,149,29398,SPU075,白色,SUB250,A波,https://shop.example.com/product/20944,2025-09-28,2025-10-05 21:30:35,SPU075-白色-S
319,2025-10-25,耐克官方旗舰店,866463,短裤秋冬款,976903,SPU075-白色-M,1100,499,257,41022,227,150,18990,SPU075,白色,SUB777,A波,https://shop.example.com/product/19254,2025-10-16,2025-10-28 09:17:50,SPU075-白色-M
320,2025-10-15,VERO MODA女装官方旗舰店,518383,跑步外套夏季款,372667,SPU076-棕色-XXXL,622,496,273,9059,279,82,7880,SPU076,棕色,SUB562,C波,https://shop.example.com/product/78412,2025-10-11,2025-10-28 01:11:58,SPU076-棕色-XXXL
321,2025-10-05,美特斯邦威男装官方旗舰店,561744,跑步外套夏季款,631468,SPU076-棕色-XXL,382,262,224,755,119,69,11309,SPU076,棕色,SUB163,A波,https://shop.example.com/product/44013,2025-10-05,2025-10-09 05:11:31,SPU076-棕色-XXL
322,2025-10-02,太平鸟童装官方旗舰店,597347,跑步外套夏季款,435752,SPU076-棕色-XS,484,276,47,11785,23,6,24920,SPU076,棕色,SUB676,A波,https://shop.example.com/product/49263,2025-10-02,2025-10-27 13:02:13,SPU076-棕色-XS
323,2025-10-09,GAP官方旗舰店,901751,跑步外套夏季款,779426,SPU076-棕色-S,684,304,43,10343,206,130,32747,SPU076,棕色,SUB790,C波,https://shop.example.com/product/31672,2025-10-09,2025-10-28 22:31:12,SPU076-棕色-S
324,2025-10-13,森马男装官方旗舰店,629202,跑步外套夏季款,257744,SPU076-棕色-XXXL,474,307,200,37918,216,171,31269,SPU076,棕色,SUB780,A波,https://shop.example.com/product/45013,2025-10-12,2025-10-22 01:53:51,SPU076-棕色-XXXL
325,2025-09-30,GXG官方旗舰店,340477,套头卫衣秋冬款,848035,SPU077-棕色-L,15,22,8,5795,18,18,27755,SPU077,棕色,SUB215,C波,https://shop.example.com/product/65987,2025-09-30,2025-10-10 12:55:31,SPU077-棕色-L
326,2025-10-12,Stradivarius女装官方旗舰店,678654,套头卫衣秋冬款,773528,SPU077-棕色-XS,31,22,5,31949,15,9,36255,SPU077,棕色,SUB671,B波,https://shop.example.com/product/53687,2025-10-11,2025-10-24 12:58:20,SPU077-棕色-XS
327,2025-10-14,GXG官方旗舰店,212206,套头卫衣秋冬款,916872,SPU077-棕色-均码,942,370,297,43164,193,171,26093,SPU077,棕色,SUB286,C波,https://shop.example.com/product/93885,2025-10-11,2025-10-22 00:22:56,SPU077-棕色-均码
328,2025-10-12,VERO MODA女装官方旗舰店,542113,套头卫衣秋冬款,836111,SPU077-棕色-L,36,23,19,24662,19,12,35834,SPU077,棕色,SUB354,C波,https://shop.example.com/product/90190,2025-10-11,2025-10-15 00:39:08,SPU077-棕色-L
329,2025-10-23,秋水伊人官方旗舰店,575067,套头卫衣秋冬款,636556,SPU077-棕色-L,319,219,38,4244,6,3,761,SPU077,棕色,SUB256,C波,https://shop.example.com/product/23396,2025-10-17,2025-10-24 13:57:32,SPU077-棕色-L
330,2025-09-30,Bershka官方旗舰店,472843,连帽卫衣秋冬款,708171,SPU078-粉色-XS,248,197,161,26648,36,17,35561,SPU078,粉色,SUB659,B波,https://shop.example.com/product/10044,2025-09-30,2025-10-12 02:43:30,SPU078-粉色-XS
331,2025-10-18,秋水伊人官方旗舰店,660591,连帽卫衣秋冬款,519567,SPU078-粉色-XXXL,545,257,256,14939,113,78,2692,SPU078,粉色,SUB546,B波,https://shop.example.com/product/43886,2025-10-12,2025-10-20 01:16:21,SPU078-粉色-XXXL
332,2025-10-21,Pull&Bear官方旗舰店,889467,连帽卫衣秋冬款,652819,SPU078-粉色-L,455,202,154,37732,122,8,27847,SPU078,粉色,SUB122,A波,https://shop.example.com/product/21689,2025-10-15,2025-10-26 16:23:29,SPU078-粉色-L
333,2025-09-29,VERO MODA官方旗舰店,969999,连帽卫衣秋冬款,218432,SPU078-粉色-XXXL,300,153,63,23445,18,5,13406,SPU078,粉色,SUB831,D波,https://shop.example.com/product/24150,2025-09-29,2025-10-10 00:45:30,SPU078-粉色-XXXL
334,2025-10-05,播男装官方旗舰店,854675,连帽卫衣秋冬款,527433,SPU078-粉色-XXXL,0,119,43,12227,27,7,2869,SPU078,粉色,SUB360,C波,https://shop.example.com/product/82914,2025-10-05,2025-10-31 07:10:47,SPU078-粉色-XXXL
335,2025-10-18,太平鸟男装官方旗舰店,448599,家居服夏季款,917636,SPU079-棕色-XS,717,261,11,10851,48,23,18246,SPU079,棕色,SUB868,C波,https://shop.example.com/product/74958,2025-10-14,2025-10-27 00:59:36,SPU079-棕色-XS
336,2025-09-25,Massimo Dutti官方旗舰店,746216,家居服夏季款,202090,SPU079-棕色-XXL,109,74,40,42617,33,2,12664,SPU079,棕色,SUB813,C波,https://shop.example.com/product/45861,2025-09-25,2025-10-03 14:42:44,SPU079-棕色-XXL
337,2025-09-17,美特斯邦威男装官方旗舰店,536617,家居服夏季款,521595,SPU079-棕色-XXXL,4,14,7,49519,12,11,31735,SPU079,棕色,SUB865,A波,https://shop.example.com/product/77605,2025-09-17,2025-10-04 02:25:38,SPU079-棕色-XXXL
338,2025-10-10,杰克琼斯男装官方旗舰店,664385,家居服夏季款,701080,SPU079-棕色-XS,192,64,5,35828,33,0,26260,SPU079,棕色,SUB572,B波,https://shop.example.com/product/22700,2025-10-10,2025-10-24 05:26:07,SPU079-棕色-XS
339,2025-09-23,江南布衣男装官方旗舰店,384027,家居服夏季款,533795,SPU079-棕色-M,264,139,26,14842,20,10,12105,SPU079,棕色,SUB503,D波,https://shop.example.com/product/44737,2025-09-23,2025-10-18 20:35:30,SPU079-棕色-M
340,2025-09-24,优衣库女装官方旗舰店,795381,连帽卫衣夏季款,664557,SPU080-红色-XL,632,279,127,45801,216,148,25940,SPU080,红色,SUB813,D波,https://shop.example.com/product/50844,2025-09-24,2025-10-22 09:11:06,SPU080-红色-XL
341,2025-10-11,太平鸟女装官方旗舰店,694774,连帽卫衣夏季款,427523,SPU080-红色-S,1410,476,456,5917,259,167,22300,SPU080,红色,SUB702,C波,https://shop.example.com/product/51098,2025-10-11,2025-10-17 18:38:42,SPU080-红色-S
342,2025-10-14,ZARA官方旗舰店,216020,连帽卫衣夏季款,230145,SPU080-红色-S,276,411,369,39263,337,92,3839,SPU080,红色,SUB965,D波,https://shop.example.com/product/57358,2025-10-13,2025-10-28 02:25:50,SPU080-红色-S
343,2025-09-22,VERO MODA女装官方旗舰店,500021,连帽卫衣夏季款,828515,SPU080-红色-M,22,126,44,7431,89,9,31095,SPU080,红色,SUB180,D波,https://shop.example.com/product/99491,2025-09-22,2025-10-03 02:43:16,SPU080-红色-M
344,2025-09-28,太平鸟官方旗舰店,972964,短袖T恤经典款,724958,SPU081-橙色-XXXL,1101,372,284,25879,31,13,27606,SPU081,橙色,SUB421,B波,https://shop.example.com/product/63843,2025-09-28,2025-10-21 06:57:56,SPU081-橙色-XXXL
345,2025-09-12,优衣库童装官方旗舰店,231872,短袖T恤经典款,204866,SPU081-橙色-S,1054,499,296,17033,363,167,24404,SPU081,橙色,SUB713,A波,https://shop.example.com/product/59674,2025-09-12,2025-10-10 03:22:24,SPU081-橙色-S
346,2025-10-09,ZARA官方旗舰店,125976,短袖T恤经典款,722977,SPU081-橙色-XXL,671,248,166,37512,1,1,8905,SPU081,橙色,SUB405,C波,https://shop.example.com/product/33452,2025-10-09,2025-10-29 19:50:05,SPU081-橙色-XXL
347,2025-09-08,ONLY女装官方旗舰店,494616,短袖T恤经典款,493262,SPU081-橙色-S,35,24,23,36487,9,9,28502,SPU081,橙色,SUB541,D波,https://shop.example.com/product/63799,2025-09-08,2025-10-07 21:09:59,SPU081-橙色-S
348,2025-10-22,GAP童装官方旗舰店,556973,牛仔裤夏季款,374864,SPU082-黑色-M,20,25,0,20364,10,5,27760,SPU082,黑色,SUB985,C波,https://shop.example.com/product/74229,2025-10-18,2025-10-29 07:00:44,SPU082-黑色-M
349,2025-09-25,美特斯邦威官方旗舰店,663628,牛仔裤夏季款,130601,SPU082-黑色-XL,922,387,157,20901,226,56,12601,SPU082,黑色,SUB900,A波,https://shop.example.com/product/65725,2025-09-25,2025-10-04 12:02:00,SPU082-黑色-XL
350,2025-10-07,Mango女装官方旗舰店,920228,牛仔裤夏季款,487479,SPU082-黑色-XXXL,66,66,51,24986,31,8,12079,SPU082,黑色,SUB888,D波,https://shop.example.com/product/54106,2025-10-07,2025-10-14 19:49:47,SPU082-黑色-XXXL
351,2025-09-24,ZARA官方旗舰店,213664,牛仔裤夏季款,515750,SPU082-黑色-均码,684,358,309,39861,148,88,15001,SPU082,黑色,SUB154,A波,https://shop.example.com/product/98508,2025-09-24,2025-10-08 06:14:07,SPU082-黑色-均码
352,2025-10-09,Mango女装官方旗舰店,295809,牛仔裤夏季款,224166,SPU082-黑色-XL,179,217,38,19274,41,11,29617,SPU082,黑色,SUB538,D波,https://shop.example.com/product/96067,2025-10-09,2025-10-30 03:20:02,SPU082-黑色-XL
353,2025-10-28,太平鸟男装官方旗舰店,240862,家居服新款,900911,SPU083-灰色-M,323,242,156,4412,79,49,1818,SPU083,灰色,SUB206,A波,https://shop.example.com/product/33183,2025-10-23,2025-10-30 11:38:08,SPU083-灰色-M
354,2025-09-19,GAP官方旗舰店,490604,家居服新款,993163,SPU083-灰色-XL,257,143,64,34957,25,25,33886,SPU083,灰色,SUB754,D波,https://shop.example.com/product/17860,2025-09-19,2025-10-16 05:45:14,SPU083-灰色-XL
355,2025-10-25,COS官方旗舰店,597638,家居服新款,717411,SPU083-灰色-XXXL,8,3,3,31535,0,0,36623,SPU083,灰色,SUB230,B波,https://shop.example.com/product/20372,2025-10-20,2025-10-28 01:34:23,SPU083-灰色-XXXL
356,2025-10-11,杰克琼斯男装官方旗舰店,475772,家居服新款,565660,SPU083-灰色-M,6,88,34,29236,73,17,26774,SPU083,灰色,SUB911,C波,https://shop.example.com/product/31510,2025-10-11,2025-10-19 10:45:29,SPU083-灰色-M
357,2025-09-09,H&M官方旗舰店,254428,家居服新款,865929,SPU083-灰色-L,113,326,84,3504,217,52,34652,SPU083,灰色,SUB357,B波,https://shop.example.com/product/72747,2025-09-09,2025-10-02 18:34:18,SPU083-灰色-L
358,2025-10-19,江南布衣女装官方旗舰店,462512,套头卫衣秋冬款,830264,SPU084-红色-M,395,175,136,3151,58,29,36313,SPU084,红色,SUB458,B波,https://shop.example.com/product/58299,2025-10-12,2025-10-20 03:44:44,SPU084-红色-M
359,2025-09-10,Stradivarius官方旗舰店,424809,套头卫衣秋冬款,234130,SPU084-红色-XXXL,63,135,59,32994,131,83,16594,SPU084,红色,SUB470,C波,https://shop.example.com/product/16179,2025-09-10,2025-10-03 04:02:16,SPU084-红色-XXXL
360,2025-09-30,播官方旗舰店,420343,套头卫衣秋冬款,784532,SPU084-红色-XL,23,16,9,42743,13,7,22186,SPU084,红色,SUB857,B波,https://shop.example.com/product/35796,2025-09-30,2025-10-29 06:51:56,SPU084-红色-XL
361,2025-10-03,Massimo Dutti官方旗舰店,246741,套头卫衣秋冬款,302950,SPU084-红色-XL,315,432,365,29324,39,18,35210,SPU084,红色,SUB729,D波,https://shop.example.com/product/99413,2025-10-03,2025-10-22 04:47:44,SPU084-红色-XL
362,2025-09-17,H&M男装官方旗舰店,955217,套头卫衣热卖款,188989,SPU085-黄色-XL,923,481,224,26092,317,105,15918,SPU085,黄色,SUB780,C波,https://shop.example.com/product/94549,2025-09-17,2025-10-03 15:27:10,SPU085-黄色-XL
363,2025-09-20,秋水伊人女装官方旗舰店,277965,套头卫衣热卖款,132196,SPU085-黄色-XS,196,328,284,35317,85,48,11122,SPU085,黄色,SUB939,A波,https://shop.example.com/product/72224,2025-09-20,2025-10-20 07:40:23,SPU085-黄色-XS
364,2025-10-22,优衣库童装官方旗舰店,669273,套头卫衣热卖款,163730,SPU085-黄色-XL,68,181,155,25364,3,1,2733,SPU085,黄色,SUB361,C波,https://shop.example.com/product/93275,2025-10-14,2025-10-23 12:07:54,SPU085-黄色-XL
365,2025-10-11,太平鸟女装官方旗舰店,738457,家居服秋冬款,931338,SPU086-白色-XL,117,99,41,47132,4,4,32967,SPU086,白色,SUB949,B波,https://shop.example.com/product/44965,2025-10-11,2025-10-13 13:48:31,SPU086-白色-XL
366,2025-10-01,美特斯邦威官方旗舰店,988951,家居服秋冬款,340667,SPU086-白色-M,902,319,156,774,117,4,6805,SPU086,白色,SUB627,A波,https://shop.example.com/product/61948,2025-10-01,2025-10-29 19:10:19,SPU086-白色-M
367,2025-09-14,欧时力女装官方旗舰店,400527,家居服秋冬款,639165,SPU086-白色-XXL,68,225,215,27851,121,44,11288,SPU086,白色,SUB385,C波,https://shop.example.com/product/43343,2025-09-14,2025-10-14 12:43:11,SPU086-白色-XXL
368,2025-09-25,杰克琼斯官方旗舰店,374362,家居服秋冬款,374609,SPU086-白色-L,875,469,27,34847,343,107,35067,SPU086,白色,SUB470,A波,https://shop.example.com/product/72273,2025-09-25,2025-10-13 07:45:40,SPU086-白色-L
369,2025-10-12,江南布衣男装官方旗舰店,838802,针织衫热卖款,922375,SPU087-黄色-XXXL,565,308,54,1020,111,82,21004,SPU087,黄色,SUB346,A波,https://shop.example.com/product/29278,2025-10-11,2025-10-26 10:02:08,SPU087-黄色-XXXL
370,2025-09-25,欧时力女装官方旗舰店,637387,针织衫热卖款,793182,SPU087-黄色-XS,261,274,197,40769,233,145,37963,SPU087,黄色,SUB535,B波,https://shop.example.com/product/88492,2025-09-25,2025-10-15 08:48:46,SPU087-黄色-XS
371,2025-10-10,森马官方旗舰店,604617,针织衫热卖款,706889,SPU087-黄色-M,89,31,8,31414,19,3,17972,SPU087,黄色,SUB959,D波,https://shop.example.com/product/99263,2025-10-10,2025-10-29 08:10:44,SPU087-黄色-M
372,2025-10-12,太平鸟女装官方旗舰店,343847,针织衫热卖款,138198,SPU087-黄色-M,207,70,11,47769,32,24,16556,SPU087,黄色,SUB279,C波,https://shop.example.com/product/27327,2025-10-11,2025-10-25 11:45:42,SPU087-黄色-M
373,2025-10-07,Massimo Dutti男装官方旗舰店,683791,童装套装春季款,780208,SPU088-橙色-均码,463,463,303,29460,104,20,34174,SPU088,橙色,SUB341,B波,https://shop.example.com/product/84450,2025-10-07,2025-10-28 11:56:22,SPU088-橙色-均码
374,2025-09-12,Pull&Bear官方旗舰店,218205,童装套装春季款,777454,SPU088-橙色-XXL,1125,405,255,1971,52,25,10296,SPU088,橙色,SUB680,B波,https://shop.example.com/product/32597,2025-09-12,2025-10-10 16:01:00,SPU088-橙色-XXL
375,2025-09-23,VERO MODA女装官方旗舰店,151774,童装套装春季款,846261,SPU088-橙色-均码,591,264,108,10995,263,74,7938,SPU088,橙色,SUB145,A波,https://shop.example.com/product/11953,2025-09-23,2025-10-21 05:53:00,SPU088-橙色-均码
376,2025-10-07,Stradivarius官方旗舰店,102215,跑步外套夏季款,117068,SPU089-黄色-XXXL,32,94,88,34211,29,12,30232,SPU089,黄色,SUB544,D波,https://shop.example.com/product/25022,2025-10-07,2025-10-11 20:59:10,SPU089-黄色-XXXL
377,2025-10-07,欧时力女装官方旗舰店,982140,跑步外套夏季款,762048,SPU089-黄色-均码,61,23,22,25312,0,0,734,SPU089,黄色,SUB660,A波,https://shop.example.com/product/48728,2025-10-07,2025-10-31 08:07:04,SPU089-黄色-均码
378,2025-10-02,太平鸟女装官方旗舰店,935567,跑步外套夏季款,197455,SPU089-黄色-S,147,96,7,47481,47,15,36243,SPU089,黄色,SUB396,C波,https://shop.example.com/product/95180,2025-10-02,2025-10-10 03:03:43,SPU089-黄色-S
379,2025-09-13,GAP官方旗舰店,718274,跑步外套夏季款,635124,SPU089-黄色-XL,24,124,100,31626,82,35,27599,SPU089,黄色,SUB901,B波,https://shop.example.com/product/35557,2025-09-13,2025-10-10 07:29:10,SPU089-黄色-XL
380,2025-10-19,太平鸟童装官方旗舰店,717298,训练外套热卖款,431761,SPU090-紫色-XXXL,426,161,25,2285,79,0,13012,SPU090,紫色,SUB850,A波,https://shop.example.com/product/69905,2025-10-13,2025-10-28 23:25:21,SPU090-紫色-XXXL
381,2025-10-03,太平鸟男装官方旗舰店,291238,训练外套热卖款,103678,SPU090-紫色-XL,757,427,418,18281,384,168,38556,SPU090,紫色,SUB488,D波,https://shop.example.com/product/19769,2025-10-03,2025-10-22 01:11:49,SPU090-紫色-XL
382,2025-09-13,Stradivarius女装官方旗舰店,822502,训练外套热卖款,148315,SPU090-紫色-XXL,223,169,110,43807,5,3,27661,SPU090,紫色,SUB375,A波,https://shop.example.com/product/19676,2025-09-13,2025-10-10 05:10:10,SPU090-紫色-XXL
383,2025-09-10,太平鸟男装官方旗舰店,488988,训练外套热卖款,413619,SPU090-紫色-均码,2,6,5,5917,5,5,14732,SPU090,紫色,SUB388,A波,https://shop.example.com/product/68591,2025-09-10,2025-10-09 22:17:12,SPU090-紫色-均码
384,2025-09-29,COS官方旗舰店,518196,家居服夏季款,743949,SPU091-米色-XL,605,277,137,40541,165,120,2749,SPU091,米色,SUB635,A波,https://shop.example.com/product/58140,2025-09-29,2025-10-24 14:10:42,SPU091-米色-XL
385,2025-09-13,GAP女装官方旗舰店,304102,家居服夏季款,550779,SPU091-米色-M,859,395,280,13258,287,150,36304,SPU091,米色,SUB244,D波,https://shop.example.com/product/80031,2025-09-13,2025-10-07 15:48:40,SPU091-米色-M
386,2025-10-15,美特斯邦威男装官方旗舰店,752036,家居服夏季款,524942,SPU091-米色-XXXL,326,371,198,39775,290,235,1010,SPU091,米色,SUB640,B波,https://shop.example.com/product/80770,2025-10-12,2025-10-17 19:34:43,SPU091-米色-XXXL
387,2025-10-05,森马男装官方旗舰店,645300,套头卫衣经典款,766138,SPU092-黄色-S,579,221,30,30964,142,135,31804,SPU092,黄色,SUB900,A波,https://shop.example.com/product/57721,2025-10-05,2025-10-30 09:03:55,SPU092-黄色-S
388,2025-10-11,COS女装官方旗舰店,720087,套头卫衣经典款,549581,SPU092-黄色-XXL,11,15,11,29722,11,1,37312,SPU092,黄色,SUB565,D波,https://shop.example.com/product/13063,2025-10-11,2025-10-21 01:45:56,SPU092-黄色-XXL
389,2025-10-09,江南布衣官方旗舰店,232649,套头卫衣经典款,123359,SPU092-黄色-S,178,354,67,28286,304,183,29789,SPU092,黄色,SUB969,B波,https://shop.example.com/product/59825,2025-10-09,2025-10-15 08:46:51,SPU092-黄色-S
390,2025-10-01,GAP官方旗舰店,680172,套头卫衣经典款,996302,SPU092-黄色-XXXL,0,7,5,9122,4,0,30211,SPU092,黄色,SUB469,C波,https://shop.example.com/product/76911,2025-10-01,2025-10-03 15:37:58,SPU092-黄色-XXXL
391,2025-09-30,播女装官方旗舰店,610297,套头卫衣经典款,579113,SPU092-黄色-均码,148,160,23,43972,30,23,9041,SPU092,黄色,SUB599,C波,https://shop.example.com/product/60475,2025-09-30,2025-10-01 14:40:54,SPU092-黄色-均码
392,2025-10-11,GAP童装官方旗舰店,178253,跑步外套春季款,201263,SPU093-蓝色-XXL,554,308,282,9480,94,35,6022,SPU093,蓝色,SUB723,D波,https://shop.example.com/product/28057,2025-10-11,2025-10-15 06:28:04,SPU093-蓝色-XXL
393,2025-09-15,Stradivarius官方旗舰店,270623,跑步外套春季款,247758,SPU093-蓝色-均码,617,223,122,21906,68,65,38511,SPU093,蓝色,SUB176,D波,https://shop.example.com/product/16998,2025-09-15,2025-10-03 13:58:50,SPU093-蓝色-均码
394,2025-10-17,Bershka女装官方旗舰店,377174,跑步外套春季款,856029,SPU093-蓝色-M,750,415,136,8643,362,53,36277,SPU093,蓝色,SUB454,C波,https://shop.example.com/product/58869,2025-10-15,2025-10-31 01:40:05,SPU093-蓝色-M
395,2025-10-29,Massimo Dutti男装官方旗舰店,147575,跑步外套春季款,434454,SPU093-蓝色-XXL,445,248,199,33147,213,32,189,SPU093,蓝色,SUB965,B波,https://shop.example.com/product/26558,2025-10-22,2025-10-30 09:53:17,SPU093-蓝色-XXL
396,2025-09-12,秋水伊人女装官方旗舰店,970847,跑步外套春季款,100063,SPU093-蓝色-XS,1176,432,9,48124,187,12,4152,SPU093,蓝色,SUB747,D波,https://shop.example.com/product/38777,2025-09-12,2025-10-09 03:27:54,SPU093-蓝色-XS
397,2025-10-08,Stradivarius女装官方旗舰店,458792,西装外套秋冬款,529925,SPU094-米色-S,563,473,27,30104,360,87,13845,SPU094,米色,SUB947,B波,https://shop.example.com/product/46496,2025-10-08,2025-10-29 17:25:01,SPU094-米色-S
398,2025-10-09,Stradivarius官方旗舰店,627537,西装外套秋冬款,270870,SPU094-米色-S,1146,433,312,21502,240,227,18349,SPU094,米色,SUB105,A波,https://shop.example.com/product/21660,2025-10-09,2025-10-21 12:21:00,SPU094-米色-S
399,2025-10-27,优衣库童装官方旗舰店,956505,西装外套秋冬款,641809,SPU094-米色-均码,187,248,41,45144,133,67,29663,SPU094,米色,SUB346,A波,https://shop.example.com/product/27858,2025-10-19,2025-10-30 06:09:13,SPU094-米色-均码
400,2025-10-04,太平鸟女装官方旗舰店,668585,西装外套秋冬款,933451,SPU094-米色-XS,382,214,1,31553,18,2,3861,SPU094,米色,SUB905,C波,https://shop.example.com/product/83722,2025-10-04,2025-10-24 10:29:03,SPU094-米色-XS
401,2025-09-30,GAP官方旗舰店,221811,西装外套热卖款,702261,SPU095-绿色-XXXL,380,328,0,40004,30,5,30397,SPU095,绿色,SUB926,A波,https://shop.example.com/product/96106,2025-09-30,2025-10-18 16:34:58,SPU095-绿色-XXXL
402,2025-09-29,Stradivarius官方旗舰店,548165,西装外套热卖款,184799,SPU095-绿色-S,11,44,23,14903,20,14,3489,SPU095,绿色,SUB940,B波,https://shop.example.com/product/36163,2025-09-29,2025-10-25 04:32:20,SPU095-绿色-S
403,2025-10-06,播女装官方旗舰店,174323,西装外套热卖款,948992,SPU095-绿色-L,55,22,18,20572,1,0,301,SPU095,绿色,SUB595,C波,https://shop.example.com/product/95674,2025-10-06,2025-10-25 19:02:49,SPU095-绿色-L
404,2025-09-22,美特斯邦威男装官方旗舰店,923349,西装外套热卖款,427426,SPU095-绿色-S,83,44,44,19204,32,14,9230,SPU095,绿色,SUB916,D波,https://shop.example.com/product/64159,2025-09-22,2025-10-02 22:11:13,SPU095-绿色-S
405,2025-10-10,美特斯邦威男装官方旗舰店,323701,西装外套热卖款,999115,SPU095-绿色-XL,422,303,176,8618,284,131,18286,SPU095,绿色,SUB583,A波,https://shop.example.com/product/64187,2025-10-10,2025-10-14 09:55:40,SPU095-绿色-XL
406,2025-09-17,GAP官方旗舰店,754736,羊毛衫热卖款,931553,SPU096-灰色-XL,1054,428,72,31072,375,103,20372,SPU096,灰色,SUB930,A波,https://shop.example.com/product/37946,2025-09-17,2025-10-16 20:21:57,SPU096-灰色-XL
407,2025-09-30,H&M男装官方旗舰店,911017,羊毛衫热卖款,174158,SPU096-灰色-XL,72,461,132,21776,394,23,10074,SPU096,灰色,SUB460,D波,https://shop.example.com/product/39069,2025-09-30,2025-10-16 09:55:30,SPU096-灰色-XL
408,2025-10-05,H&M官方旗舰店,591018,羊毛衫热卖款,411185,SPU096-灰色-XL,436,350,184,28694,93,32,34342,SPU096,灰色,SUB882,B波,https://shop.example.com/product/54223,2025-10-05,2025-10-29 05:48:14,SPU096-灰色-XL
409,2025-09-09,太平鸟童装官方旗舰店,655682,羊毛衫热卖款,163413,SPU096-灰色-XL,830,446,441,17891,77,69,28535,SPU096,灰色,SUB139,D波,https://shop.example.com/product/68694,2025-09-09,2025-10-05 10:35:41,SPU096-灰色-XL
410,2025-09-11,森马男装官方旗舰店,329668,羊毛衫热卖款,852613,SPU096-灰色-M,128,99,38,35516,75,64,12794,SPU096,灰色,SUB660,C波,https://shop.example.com/product/33183,2025-09-11,2025-10-06 14:04:46,SPU096-灰色-M
411,2025-09-23,太平鸟女装官方旗舰店,936547,羽绒服经典款,761255,SPU097-蓝色-XS,435,162,76,26600,58,58,9037,SPU097,蓝色,SUB653,A波,https://shop.example.com/product/53364,2025-09-23,2025-10-21 06:20:41,SPU097-蓝色-XS
412,2025-10-02,江南布衣男装官方旗舰店,955957,羽绒服经典款,565917,SPU097-蓝色-XL,283,171,12,25786,13,5,29424,SPU097,蓝色,SUB734,C波,https://shop.example.com/product/56194,2025-10-02,2025-10-09 21:09:04,SPU097-蓝色-XL
413,2025-09-24,太平鸟男装官方旗舰店,267201,羽绒服经典款,315996,SPU097-蓝色-XXXL,72,40,11,47787,23,0,38932,SPU097,蓝色,SUB134,C波,https://shop.example.com/product/52539,2025-09-24,2025-10-13 17:15:57,SPU097-蓝色-XXXL
414,2025-10-01,秋水伊人女装官方旗舰店,759495,羽绒服经典款,833832,SPU097-蓝色-M,79,54,46,1805,2,2,39327,SPU097,蓝色,SUB204,B波,https://shop.example.com/product/23071,2025-10-01,2025-10-22 04:56:05,SPU097-蓝色-M
415,2025-09-25,COS官方旗舰店,585175,羽绒服经典款,916745,SPU097-蓝色-XXXL,1039,486,481,25421,42,6,39388,SPU097,蓝色,SUB803,A波,https://shop.example.com/product/28654,2025-09-25,2025-10-07 13:02:05,SPU097-蓝色-XXXL
416,2025-09-29,H&M女装官方旗舰店,566810,休闲裤热卖款,815104,SPU098-绿色-XXXL,199,168,13,45006,75,22,11022,SPU098,绿色,SUB749,A波,https://shop.example.com/product/63231,2025-09-29,2025-10-14 09:12:17,SPU098-绿色-XXXL
417,2025-10-05,杰克琼斯官方旗舰店,345165,休闲裤热卖款,430434,SPU098-绿色-XL,548,367,357,5449,317,90,42,SPU098,绿色,SUB184,B波,https://shop.example.com/product/33886,2025-10-05,2025-10-22 03:15:10,SPU098-绿色-XL
418,2025-09-16,GAP童装官方旗舰店,932450,休闲裤热卖款,693378,SPU098-绿色-S,365,224,223,3900,80,1,10348,SPU098,绿色,SUB980,D波,https://shop.example.com/product/16655,2025-09-16,2025-10-16 08:34:54,SPU098-绿色-S
419,2025-09-24,Massimo Dutti官方旗舰店,453643,短裤夏季款,325023,SPU099-棕色-L,110,40,11,22742,20,20,38548,SPU099,棕色,SUB365,D波,https://shop.example.com/product/93062,2025-09-24,2025-10-11 06:36:23,SPU099-棕色-L
420,2025-09-16,美特斯邦威官方旗舰店,133544,短裤夏季款,559340,SPU099-棕色-S,578,455,22,32264,316,51,29028,SPU099,棕色,SUB821,B波,https://shop.example.com/product/26926,2025-09-16,2025-10-12 21:14:59,SPU099-棕色-S
421,2025-10-05,森马男装官方旗舰店,151922,短裤夏季款,471054,SPU099-棕色-S,604,237,172,23996,152,7,15112,SPU099,棕色,SUB782,A波,https://shop.example.com/product/16310,2025-10-05,2025-10-20 11:41:42,SPU099-棕色-S
422,2025-09-26,欧时力官方旗舰店,810450,百褶裙秋冬款,752256,SPU100-棕色-M,3,4,2,47275,3,0,13321,SPU100,棕色,SUB806,A波,https://shop.example.com/product/10393,2025-09-26,2025-10-25 05:53:35,SPU100-棕色-M
423,2025-10-03,Mango官方旗舰店,132959,百褶裙秋冬款,324933,SPU100-棕色-XS,219,142,11,33192,89,78,18626,SPU100,棕色,SUB165,A波,https://shop.example.com/product/81140,2025-10-03,2025-10-27 02:33:19,SPU100-棕色-XS
424,2025-10-08,太平鸟官方旗舰店,785707,百褶裙秋冬款,453171,SPU100-棕色-L,450,153,44,35746,24,11,22682,SPU100,棕色,SUB878,B波,https://shop.example.com/product/58994,2025-10-08,2025-10-17 22:18:19,SPU100-棕色-L
425,2025-10-13,美特斯邦威官方旗舰店,253624,百褶裙秋冬款,147924,SPU100-棕色-XS,740,351,198,4630,290,17,3887,SPU100,棕色,SUB517,D波,https://shop.example.com/product/84631,2025-10-12,2025-10-20 20:38:14,SPU100-棕色-XS
426,2025-10-06,阿迪达斯官方旗舰店,775414,连帽卫衣春季款,120155,SPU101-绿色-S,814,481,292,28080,295,280,3852,SPU101,绿色,SUB175,D波,https://shop.example.com/product/67571,2025-10-06,2025-10-17 22:58:36,SPU101-绿色-S
427,2025-09-16,优衣库官方旗舰店,916100,连帽卫衣春季款,829234,SPU101-绿色-S,247,244,122,32830,67,34,8212,SPU101,绿色,SUB833,B波,https://shop.example.com/product/96797,2025-09-16,2025-10-06 15:10:57,SPU101-绿色-S
428,2025-09-24,Mango女装官方旗舰店,403013,连帽卫衣春季款,421657,SPU101-绿色-L,297,99,89,24573,72,28,1344,SPU101,绿色,SUB102,D波,https://shop.example.com/product/74327,2025-09-24,2025-10-06 13:04:24,SPU101-绿色-L
429,2025-09-24,GAP女装官方旗舰店,989261,连帽卫衣春季款,987631,SPU101-绿色-XL,160,234,85,21501,96,1,14284,SPU101,绿色,SUB264,C波,https://shop.example.com/product/11448,2025-09-24,2025-10-08 16:31:22,SPU101-绿色-XL
430,2025-09-27,VERO MODA官方旗舰店,497916,套头卫衣秋冬款,428312,SPU102-绿色-L,32,37,8,25635,31,11,18734,SPU102,绿色,SUB208,D波,https://shop.example.com/product/80416,2025-09-27,2025-10-13 06:35:44,SPU102-绿色-L
431,2025-10-27,GXG男装官方旗舰店,164118,套头卫衣秋冬款,758229,SPU102-绿色-XS,95,130,38,14341,47,14,20166,SPU102,绿色,SUB438,A波,https://shop.example.com/product/19141,2025-10-20,2025-10-28 11:41:03,SPU102-绿色-XS
432,2025-09-30,美特斯邦威男装官方旗舰店,141768,套头卫衣秋冬款,774392,SPU102-绿色-M,13,7,0,23341,0,0,368,SPU102,绿色,SUB752,D波,https://shop.example.com/product/76903,2025-09-30,2025-10-09 20:12:07,SPU102-绿色-M
433,2025-09-30,阿迪达斯官方旗舰店,258824,套头卫衣秋冬款,222314,SPU102-绿色-XL,45,129,98,25728,62,28,14414,SPU102,绿色,SUB913,B波,https://shop.example.com/product/90775,2025-09-30,2025-10-03 09:19:36,SPU102-绿色-XL
434,2025-10-13,欧时力官方旗舰店,811289,套头卫衣秋冬款,450760,SPU102-绿色-XL,934,474,171,49429,3,3,21186,SPU102,绿色,SUB977,B波,https://shop.example.com/product/21498,2025-10-12,2025-10-15 23:57:49,SPU102-绿色-XL
435,2025-09-29,H&M童装官方旗舰店,722431,家居服经典款,908521,SPU103-红色-XXL,216,87,39,10976,75,50,3042,SPU103,红色,SUB336,B波,https://shop.example.com/product/64929,2025-09-29,2025-10-20 00:31:50,SPU103-红色-XXL
436,2025-09-22,COS女装官方旗舰店,108882,家居服经典款,827937,SPU103-红色-XXXL,289,343,234,24251,91,45,34122,SPU103,红色,SUB291,A波,https://shop.example.com/product/43532,2025-09-22,2025-10-13 02:44:21,SPU103-红色-XXXL
437,2025-09-17,Bershka女装官方旗舰店,125862,家居服经典款,828658,SPU103-红色-M,610,236,32,71,118,116,29158,SPU103,红色,SUB217,A波,https://shop.example.com/product/55121,2025-09-17,2025-10-15 23:26:01,SPU103-红色-M
438,2025-09-22,太平鸟官方旗舰店,848362,家居服经典款,888460,SPU103-红色-XL,1127,431,3,11857,82,24,28275,SPU103,红色,SUB817,B波,https://shop.example.com/product/22972,2025-09-22,2025-10-03 09:19:14,SPU103-红色-XL
439,2025-10-21,H&M男装官方旗舰店,792325,羊毛衫热卖款,279219,SPU104-橙色-XL,69,331,180,34369,311,63,34226,SPU104,橙色,SUB686,D波,https://shop.example.com/product/10560,2025-10-17,2025-10-25 10:24:19,SPU104-橙色-XL
440,2025-10-09,美特斯邦威男装官方旗舰店,199051,羊毛衫热卖款,554803,SPU104-橙色-M,217,351,57,32973,187,111,13856,SPU104,橙色,SUB648,C波,https://shop.example.com/product/53557,2025-10-09,2025-10-12 07:47:52,SPU104-橙色-M
441,2025-10-15,GAP官方旗舰店,865806,羊毛衫热卖款,717130,SPU104-橙色-M,320,281,237,45237,281,240,10975,SPU104,橙色,SUB820,A波,https://shop.example.com/product/60032,2025-10-14,2025-10-23 08:45:51,SPU104-橙色-M
442,2025-09-07,优衣库官方旗舰店,843261,速干短裤秋冬款,152789,SPU105-米色-XL,768,284,173,15488,264,245,35060,SPU105,米色,SUB883,B波,https://shop.example.com/product/18803,2025-09-07,2025-10-01 08:47:00,SPU105-米色-XL
443,2025-10-02,杰克琼斯男装官方旗舰店,262081,速干短裤秋冬款,633222,SPU105-米色-XXL,595,280,245,11296,192,130,18095,SPU105,米色,SUB439,C波,https://shop.example.com/product/17001,2025-10-02,2025-10-31 02:54:26,SPU105-米色-XXL
444,2025-10-13,欧时力女装官方旗舰店,244810,速干短裤秋冬款,276288,SPU105-米色-XXL,739,336,244,10650,49,0,3537,SPU105,米色,SUB281,B波,https://shop.example.com/product/90614,2025-10-11,2025-10-15 18:43:52,SPU105-米色-XXL
445,2025-10-15,Mango官方旗舰店,755645,速干短裤秋冬款,979422,SPU105-米色-XS,117,150,34,43416,137,39,3877,SPU105,米色,SUB358,A波,https://shop.example.com/product/46362,2025-10-12,2025-10-26 22:32:25,SPU105-米色-XS
446,2025-09-26,秋水伊人官方旗舰店,786642,速干短裤秋冬款,321692,SPU105-米色-M,374,142,33,49106,124,110,34399,SPU105,米色,SUB865,A波,https://shop.example.com/product/18655,2025-09-26,2025-10-04 03:28:54,SPU105-米色-M
447,2025-10-16,美特斯邦威男装官方旗舰店,731707,牛仔裤春季款,845055,SPU106-蓝色-XL,200,215,179,668,92,86,8292,SPU106,蓝色,SUB853,A波,https://shop.example.com/product/26722,2025-10-13,2025-10-27 08:58:37,SPU106-蓝色-XL
448,2025-09-09,ZARA官方旗舰店,390453,牛仔裤春季款,849096,SPU106-蓝色-XXXL,44,18,4,14353,6,6,8598,SPU106,蓝色,SUB233,D波,https://shop.example.com/product/75277,2025-09-09,2025-10-08 20:24:02,SPU106-蓝色-XXXL
449,2025-10-04,ZARA童装官方旗舰店,208250,牛仔裤春季款,355537,SPU106-蓝色-均码,381,183,183,12711,32,2,8561,SPU106,蓝色,SUB615,A波,https://shop.example.com/product/64778,2025-10-04,2025-10-19 02:08:11,SPU106-蓝色-均码
450,2025-09-29,太平鸟童装官方旗舰店,365778,风衣经典款,515102,SPU107-绿色-均码,201,171,0,44707,12,0,22572,SPU107,绿色,SUB832,B波,https://shop.example.com/product/67667,2025-09-29,2025-10-12 04:36:39,SPU107-绿色-均码
451,2025-10-04,GXG官方旗舰店,517211,风衣经典款,712957,SPU107-绿色-均码,98,233,156,35210,117,28,8652,SPU107,绿色,SUB886,A波,https://shop.example.com/product/99625,2025-10-04,2025-10-12 16:18:22,SPU107-绿色-均码
452,2025-09-16,Bershka官方旗舰店,727273,风衣经典款,194014,SPU107-绿色-XS,26,11,10,44943,10,1,30780,SPU107,绿色,SUB405,D波,https://shop.example.com/product/89707,2025-09-16,2025-10-07 20:00:57,SPU107-绿色-XS
453,2025-10-02,GXG男装官方旗舰店,885461,风衣经典款,656674,SPU107-绿色-XXL,13,20,3,1911,5,2,16249,SPU107,绿色,SUB962,C波,https://shop.example.com/product/18766,2025-10-02,2025-10-08 19:15:37,SPU107-绿色-XXL
454,2025-10-06,太平鸟男装官方旗舰店,270081,风衣经典款,258162,SPU107-绿色-S,581,317,41,13305,198,30,27511,SPU107,绿色,SUB598,A波,https://shop.example.com/product/75678,2025-10-06,2025-10-28 19:06:49,SPU107-绿色-S
455,2025-10-03,太平鸟男装官方旗舰店,684245,家居服新款,486478,SPU108-黄色-XL,53,28,26,25772,11,7,2659,SPU108,黄色,SUB492,B波,https://shop.example.com/product/61642,2025-10-03,2025-10-25 19:55:33,SPU108-黄色-XL
456,2025-10-04,GAP官方旗舰店,698032,家居服新款,637022,SPU108-黄色-XXL,806,476,185,23702,78,7,19870,SPU108,黄色,SUB695,C波,https://shop.example.com/product/43388,2025-10-04,2025-10-06 23:00:53,SPU108-黄色-XXL
457,2025-09-21,江南布衣男装官方旗舰店,552445,家居服新款,510534,SPU108-黄色-XL,100,153,78,39626,9,3,14727,SPU108,黄色,SUB681,D波,https://shop.example.com/product/55061,2025-09-21,2025-10-12 12:35:50,SPU108-黄色-XL
458,2025-09-22,优衣库童装官方旗舰店,733883,家居服热卖款,495238,SPU109-棕色-XXL,2,4,3,12436,2,0,11071,SPU109,棕色,SUB494,B波,https://shop.example.com/product/66864,2025-09-22,2025-10-05 01:18:37,SPU109-棕色-XXL
459,2025-09-30,Massimo Dutti官方旗舰店,192756,家居服热卖款,409872,SPU109-棕色-M,300,451,130,14184,427,402,26931,SPU109,棕色,SUB781,B波,https://shop.example.com/product/55026,2025-09-30,2025-10-29 22:00:14,SPU109-棕色-M
460,2025-09-29,森马男装官方旗舰店,829207,家居服热卖款,436133,SPU109-棕色-L,545,481,344,9915,335,51,33730,SPU109,棕色,SUB970,A波,https://shop.example.com/product/79966,2025-09-29,2025-10-29 13:09:46,SPU109-棕色-L
461,2025-10-20,杰克琼斯男装官方旗舰店,820626,家居服热卖款,747704,SPU109-棕色-M,200,376,318,26710,252,37,15735,SPU109,棕色,SUB841,C波,https://shop.example.com/product/21093,2025-10-16,2025-10-29 04:10:24,SPU109-棕色-M
462,2025-09-25,美特斯邦威男装官方旗舰店,815861,家居服热卖款,498738,SPU109-棕色-XS,269,336,112,13173,307,286,22205,SPU109,棕色,SUB924,B波,https://shop.example.com/product/27560,2025-09-25,2025-10-02 02:29:55,SPU109-棕色-XS
463,2025-09-06,播女装官方旗舰店,295726,长袖T恤秋冬款,483394,SPU110-黄色-XXXL,117,368,186,34840,144,60,14739,SPU110,黄色,SUB351,C波,https://shop.example.com/product/36516,2025-09-06,2025-10-05 22:22:39,SPU110-黄色-XXXL
464,2025-10-09,优衣库官方旗舰店,948210,长袖T恤秋冬款,823018,SPU110-黄色-均码,493,486,39,5156,417,361,23975,SPU110,黄色,SUB968,D波,https://shop.example.com/product/63171,2025-10-09,2025-10-11 11:11:57,SPU110-黄色-均码
465,2025-10-08,H&M男装官方旗舰店,380049,长袖T恤秋冬款,487758,SPU110-黄色-S,29,14,12,47694,5,3,36943,SPU110,黄色,SUB791,C波,https://shop.example.com/product/75454,2025-10-08,2025-10-20 20:09:25,SPU110-黄色-S
466,2025-10-13,太平鸟男装官方旗舰店,715332,POLO衫春季款,846697,SPU111-白色-S,458,169,68,47300,116,98,21987,SPU111,白色,SUB304,C波,https://shop.example.com/product/41447,2025-10-11,2025-10-27 19:42:47,SPU111-白色-S
467,2025-10-14,美特斯邦威男装官方旗舰店,595125,POLO衫春季款,998887,SPU111-白色-S,277,223,100,25340,94,93,38970,SPU111,白色,SUB895,D波,https://shop.example.com/product/18333,2025-10-13,2025-10-28 13:08:27,SPU111-白色-S
468,2025-10-28,Stradivarius女装官方旗舰店,393975,POLO衫春季款,232616,SPU111-白色-M,80,220,45,22495,53,18,24244,SPU111,白色,SUB122,A波,https://shop.example.com/product/85063,2025-10-20,2025-10-30 12:32:36,SPU111-白色-M
469,2025-09-27,ONLY女装官方旗舰店,421230,POLO衫春季款,632724,SPU111-白色-均码,44,170,87,12148,158,102,39055,SPU111,白色,SUB246,C波,https://shop.example.com/product/58655,2025-09-27,2025-10-14 15:45:36,SPU111-白色-均码
470,2025-09-20,太平鸟男装官方旗舰店,416761,POLO衫春季款,985249,SPU111-白色-XS,457,294,93,7395,195,61,887,SPU111,白色,SUB564,C波,https://shop.example.com/product/27918,2025-09-20,2025-10-18 12:08:08,SPU111-白色-XS
471,2025-10-08,GAP男装官方旗舰店,852253,运动长裤春季款,717088,SPU112-红色-L,60,122,34,11900,47,24,8030,SPU112,红色,SUB933,C波,https://shop.example.com/product/16899,2025-10-08,2025-10-27 13:36:38,SPU112-红色-L
472,2025-09-14,优衣库童装官方旗舰店,670909,运动长裤春季款,711866,SPU112-红色-XXL,400,341,126,10316,135,106,7624,SPU112,红色,SUB408,C波,https://shop.example.com/product/50494,2025-09-14,2025-10-12 15:03:13,SPU112-红色-XXL
473,2025-09-21,COS女装官方旗舰店,158548,运动长裤春季款,574800,SPU112-红色-XXL,290,109,52,14418,91,84,30008,SPU112,红色,SUB331,A波,https://shop.example.com/product/99216,2025-09-21,2025-10-15 23:56:23,SPU112-红色-XXL
474,2025-10-14,耐克官方旗舰店,660105,家居服新款,776978,SPU113-白色-S,249,462,253,34788,9,5,10945,SPU113,白色,SUB245,A波,https://shop.example.com/product/20407,2025-10-12,2025-10-24 21:04:09,SPU113-白色-S
475,2025-10-06,森马男装官方旗舰店,568329,家居服新款,196865,SPU113-白色-M,287,188,81,10251,186,53,23773,SPU113,白色,SUB935,C波,https://shop.example.com/product/33097,2025-10-06,2025-10-24 01:38:07,SPU113-白色-M
476,2025-09-04,COS女装官方旗舰店,583031,家居服新款,372379,SPU113-白色-L,273,221,216,44582,129,127,3185,SPU113,白色,SUB215,D波,https://shop.example.com/product/35427,2025-09-04,2025-10-04 17:46:48,SPU113-白色-L
477,2025-10-03,Pull&Bear男装官方旗舰店,779587,家居服新款,955499,SPU113-白色-L,692,329,12,45318,83,67,26930,SPU113,白色,SUB915,C波,https://shop.example.com/product/29344,2025-10-03,2025-10-23 08:49:37,SPU113-白色-L
478,2025-09-25,播女装官方旗舰店,574969,家居服新款,238471,SPU114-米色-XS,295,113,55,26234,56,43,21228,SPU114,米色,SUB516,B波,https://shop.example.com/product/35556,2025-09-25,2025-10-23 02:59:06,SPU114-米色-XS
479,2025-10-26,Massimo Dutti官方旗舰店,392193,家居服新款,164954,SPU114-米色-XXXL,661,239,211,3056,0,0,9994,SPU114,米色,SUB933,D波,https://shop.example.com/product/80386,2025-10-22,2025-10-28 15:11:11,SPU114-米色-XXXL
480,2025-09-23,VERO MODA女装官方旗舰店,485338,家居服新款,441294,SPU114-米色-XXXL,83,32,2,2383,1,0,9960,SPU114,米色,SUB595,B波,https://shop.example.com/product/26780,2025-09-23,2025-10-04 13:06:36,SPU114-米色-XXXL
481,2025-09-18,Stradivarius官方旗舰店,435322,家居服春季款,585610,SPU115-黄色-S,84,33,12,7858,19,13,1734,SPU115,黄色,SUB718,C波,https://shop.example.com/product/39715,2025-09-18,2025-10-13 00:27:59,SPU115-黄色-S
482,2025-10-01,ZARA童装官方旗舰店,930221,家居服春季款,229413,SPU115-黄色-XXL,445,495,390,26083,293,270,5691,SPU115,黄色,SUB606,B波,https://shop.example.com/product/14598,2025-10-01,2025-10-04 07:32:24,SPU115-黄色-XXL
483,2025-10-20,ONLY官方旗舰店,496449,家居服春季款,752669,SPU115-黄色-XXL,177,101,44,46477,15,4,33954,SPU115,黄色,SUB894,D波,https://shop.example.com/product/33070,2025-10-18,2025-10-21 22:45:12,SPU115-黄色-XXL
484,2025-10-03,耐克官方旗舰店,730123,家居服春季款,776200,SPU115-黄色-XS,381,464,294,47595,369,323,31761,SPU115,黄色,SUB902,B波,https://shop.example.com/product/55084,2025-10-03,2025-10-14 11:22:43,SPU115-黄色-XS
485,2025-10-16,优衣库女装官方旗舰店,469359,家居服春季款,967431,SPU115-黄色-XXL,168,65,27,15376,47,9,11074,SPU115,黄色,SUB254,D波,https://shop.example.com/product/39732,2025-10-12,2025-10-27 18:22:06,SPU115-黄色-XXL
486,2025-09-21,ONLY官方旗舰店,647579,家居服热卖款,732700,SPU116-灰色-L,356,358,0,18830,315,186,31043,SPU116,灰色,SUB807,B波,https://shop.example.com/product/56404,2025-09-21,2025-10-16 13:19:28,SPU116-灰色-L
487,2025-10-03,太平鸟官方旗舰店,543785,家居服热卖款,547554,SPU116-灰色-XS,44,115,64,22938,16,1,30771,SPU116,灰色,SUB506,A波,https://shop.example.com/product/16416,2025-10-03,2025-10-31 02:59:00,SPU116-灰色-XS
488,2025-10-09,优衣库官方旗舰店,636294,家居服热卖款,296542,SPU116-灰色-M,398,282,254,7916,235,195,33139,SPU116,灰色,SUB926,B波,https://shop.example.com/product/36201,2025-10-09,2025-10-12 05:47:18,SPU116-灰色-M
489,2025-09-14,COS官方旗舰店,114847,家居服热卖款,615262,SPU116-灰色-M,127,195,39,25980,9,1,23214,SPU116,灰色,SUB760,B波,https://shop.example.com/product/83174,2025-09-14,2025-10-09 02:18:58,SPU116-灰色-M
490,2025-09-29,优衣库男装官方旗舰店,291768,家居服热卖款,840385,SPU116-灰色-L,183,347,252,43661,286,222,17179,SPU116,灰色,SUB646,C波,https://shop.example.com/product/62761,2025-09-29,2025-10-06 01:51:16,SPU116-灰色-L
491,2025-09-25,森马官方旗舰店,564116,短裤秋冬款,890365,SPU117-白色-M,268,244,33,9512,51,13,14201,SPU117,白色,SUB807,B波,https://shop.example.com/product/28564,2025-09-25,2025-10-13 06:23:54,SPU117-白色-M
492,2025-10-13,ONLY女装官方旗舰店,846660,短裤秋冬款,633052,SPU117-白色-M,34,487,324,6955,82,77,19138,SPU117,白色,SUB359,B波,https://shop.example.com/product/55364,2025-10-12,2025-10-21 12:39:53,SPU117-白色-M
493,2025-10-13,H&M女装官方旗舰店,955309,短裤秋冬款,797307,SPU117-白色-XS,701,286,94,11707,78,45,26543,SPU117,白色,SUB158,D波,https://shop.example.com/product/33991,2025-10-12,2025-10-22 01:54:49,SPU117-白色-XS
494,2025-09-18,美特斯邦威官方旗舰店,321316,短裤秋冬款,489641,SPU117-白色-XL,100,420,199,15875,316,245,16032,SPU117,白色,SUB168,A波,https://shop.example.com/product/79674,2025-09-18,2025-10-18 17:13:10,SPU117-白色-XL
495,2025-10-21,太平鸟男装官方旗舰店,816884,西装外套夏季款,931502,SPU118-绿色-XS,62,28,8,6851,8,3,413,SPU118,绿色,SUB597,C波,https://shop.example.com/product/40030,2025-10-16,2025-10-31 06:24:21,SPU118-绿色-XS
496,2025-10-13,韩都衣舍官方旗舰店,909679,西装外套夏季款,227952,SPU118-绿色-M,1150,438,165,9731,286,6,4701,SPU118,绿色,SUB325,D波,https://shop.example.com/product/32874,2025-10-12,2025-10-14 07:23:06,SPU118-绿色-M
497,2025-10-06,ZARA官方旗舰店,633429,西装外套夏季款,922655,SPU118-绿色-S,293,205,169,26168,169,58,37415,SPU118,绿色,SUB948,D波,https://shop.example.com/product/96094,2025-10-06,2025-10-26 02:20:40,SPU118-绿色-S
498,2025-09-29,H&M官方旗舰店,429075,针织衫秋冬款,865982,SPU119-米色-均码,283,187,121,2951,98,46,20868,SPU119,米色,SUB357,A波,https://shop.example.com/product/32843,2025-09-29,2025-10-17 03:55:30,SPU119-米色-均码
499,2025-10-17,ZARA女装官方旗舰店,170561,针织衫秋冬款,486177,SPU119-米色-XL,177,479,219,47210,320,137,4719,SPU119,米色,SUB179,C波,https://shop.example.com/product/53246,2025-10-15,2025-10-18 11:45:11,SPU119-米色-XL
500,2025-09-27,耐克官方旗舰店,697243,针织衫秋冬款,803096,SPU119-米色-XXL,93,219,147,47244,69,48,38825,SPU119,米色,SUB316,C波,https://shop.example.com/product/69095,2025-09-27,2025-10-07 08:08:20,SPU119-米色-XXL
501,2025-10-07,GXG官方旗舰店,943950,针织衫秋冬款,293842,SPU119-米色-S,61,280,244,34,254,207,8984,SPU119,米色,SUB118,C波,https://shop.example.com/product/32115,2025-10-07,2025-10-08 23:53:17,SPU119-米色-S
502,2025-09-27,ZARA女装官方旗舰店,115633,风衣秋冬款,174575,SPU120-白色-L,637,222,221,42731,40,31,6297,SPU120,白色,SUB239,A波,https://shop.example.com/product/29617,2025-09-27,2025-10-17 12:41:20,SPU120-白色-L
503,2025-10-05,ONLY官方旗舰店,699338,风衣秋冬款,355486,SPU120-白色-S,384,157,110,40652,18,12,30327,SPU120,白色,SUB644,D波,https://shop.example.com/product/63213,2025-10-05,2025-10-06 15:35:21,SPU120-白色-S
504,2025-10-04,韩都衣舍女装官方旗舰店,597619,风衣秋冬款,326093,SPU120-白色-S,4,18,5,27942,18,15,31711,SPU120,白色,SUB336,A波,https://shop.example.com/product/88897,2025-10-04,2025-10-17 10:58:57,SPU120-白色-S
505,2025-10-11,Mango官方旗舰店,559118,家居服春季款,783707,SPU121-粉色-均码,797,394,345,1855,94,58,22224,SPU121,粉色,SUB812,D波,https://shop.example.com/product/95032,2025-10-11,2025-10-18 21:37:59,SPU121-粉色-均码
506,2025-09-27,GXG官方旗舰店,348755,家居服春季款,981495,SPU121-粉色-M,652,278,106,41350,215,175,37464,SPU121,粉色,SUB815,C波,https://shop.example.com/product/36609,2025-09-27,2025-10-23 23:20:09,SPU121-粉色-M
507,2025-09-08,GAP官方旗舰店,760566,家居服春季款,907365,SPU121-粉色-XS,97,59,21,20235,38,12,2023,SPU121,粉色,SUB624,C波,https://shop.example.com/product/33814,2025-09-08,2025-10-06 12:17:10,SPU121-粉色-XS
508,2025-10-11,Pull&Bear官方旗舰店,147899,家居服春季款,266240,SPU121-粉色-XS,61,119,75,4538,15,11,1541,SPU121,粉色,SUB893,C波,https://shop.example.com/product/73738,2025-10-11,2025-10-14 11:39:11,SPU121-粉色-XS
509,2025-10-02,秋水伊人官方旗舰店,396525,短裤经典款,690390,SPU122-米色-XXL,934,413,409,18618,193,122,451,SPU122,米色,SUB828,A波,https://shop.example.com/product/10156,2025-10-02,2025-10-18 06:21:53,SPU122-米色-XXL
510,2025-10-14,森马男装官方旗舰店,586819,短裤经典款,514861,SPU122-米色-L,78,71,39,35701,53,42,28525,SPU122,米色,SUB608,D波,https://shop.example.com/product/49025,2025-10-13,2025-10-24 08:12:49,SPU122-米色-L
511,2025-10-07,GXG男装官方旗舰店,572004,短裤经典款,424544,SPU122-米色-XL,91,293,214,13192,229,98,22777,SPU122,米色,SUB536,A波,https://shop.example.com/product/43676,2025-10-07,2025-10-17 07:23:24,SPU122-米色-XL
512,2025-10-07,优衣库官方旗舰店,124173,家居服夏季款,526462,SPU123-粉色-XXL,500,439,180,20626,169,56,30818,SPU123,粉色,SUB303,A波,https://shop.example.com/product/87183,2025-10-07,2025-10-25 19:38:56,SPU123-粉色-XXL
513,2025-10-01,秋水伊人官方旗舰店,692493,家居服夏季款,547348,SPU123-粉色-均码,381,378,237,28926,197,20,7203,SPU123,粉色,SUB750,C波,https://shop.example.com/product/28003,2025-10-01,2025-10-26 18:54:11,SPU123-粉色-均码
514,2025-09-28,太平鸟官方旗舰店,436693,家居服夏季款,315889,SPU123-粉色-XL,50,291,189,38899,194,119,521,SPU123,粉色,SUB283,C波,https://shop.example.com/product/55844,2025-09-28,2025-10-16 03:54:06,SPU123-粉色-XL
515,2025-09-24,韩都衣舍女装官方旗舰店,268927,家居服夏季款,585147,SPU123-粉色-M,105,56,43,13524,10,6,19641,SPU123,粉色,SUB340,A波,https://shop.example.com/product/51158,2025-09-24,2025-10-15 06:26:03,SPU123-粉色-M
516,2025-10-06,ONLY女装官方旗舰店,649999,家居服夏季款,750919,SPU123-粉色-S,870,314,286,37350,148,85,25786,SPU123,粉色,SUB457,C波,https://shop.example.com/product/64256,2025-10-06,2025-10-15 04:17:35,SPU123-粉色-S
517,2025-09-23,江南布衣官方旗舰店,413038,训练外套秋冬款,446457,SPU124-绿色-XXXL,771,336,134,19146,222,190,14510,SPU124,绿色,SUB414,C波,https://shop.example.com/product/19567,2025-09-23,2025-10-12 22:03:18,SPU124-绿色-XXXL
518,2025-09-07,优衣库女装官方旗舰店,227205,训练外套秋冬款,514734,SPU124-绿色-M,1166,405,308,38606,156,62,39810,SPU124,绿色,SUB348,C波,https://shop.example.com/product/46148,2025-09-07,2025-10-04 04:37:14,SPU124-绿色-M
519,2025-09-26,欧时力官方旗舰店,337413,训练外套秋冬款,702847,SPU124-绿色-L,276,296,209,17288,230,4,34460,SPU124,绿色,SUB877,B波,https://shop.example.com/product/29150,2025-09-26,2025-10-09 22:24:58,SPU124-绿色-L
520,2025-10-14,GXG男装官方旗舰店,444130,训练外套秋冬款,624816,SPU124-绿色-L,215,114,16,39678,6,5,31262,SPU124,绿色,SUB840,B波,https://shop.example.com/product/85447,2025-10-11,2025-10-27 02:37:59,SPU124-绿色-L
521,2025-09-24,优衣库童装官方旗舰店,907966,休闲裤经典款,647760,SPU125-紫色-XS,552,342,51,16330,272,80,6790,SPU125,紫色,SUB108,D波,https://shop.example.com/product/26919,2025-09-24,2025-10-22 23:07:16,SPU125-紫色-XS
522,2025-10-11,Massimo Dutti官方旗舰店,601992,休闲裤经典款,898683,SPU125-紫色-M,5,31,30,21418,11,4,33985,SPU125,紫色,SUB456,B波,https://shop.example.com/product/47626,2025-10-11,2025-10-24 01:39:56,SPU125-紫色-M
523,2025-09-16,杰克琼斯官方旗舰店,453032,休闲裤经典款,595575,SPU125-紫色-L,819,322,299,8644,211,199,8235,SPU125,紫色,SUB138,B波,https://shop.example.com/product/11331,2025-09-16,2025-10-06 09:19:42,SPU125-紫色-L
524,2025-10-09,秋水伊人官方旗舰店,694212,休闲裤经典款,553862,SPU125-紫色-L,38,21,12,4200,9,2,14643,SPU125,紫色,SUB680,A波,https://shop.example.com/product/13589,2025-10-09,2025-10-28 21:12:40,SPU125-紫色-L
525,2025-10-07,COS官方旗舰店,242984,休闲裤经典款,916615,SPU125-紫色-XL,29,72,26,48092,45,29,21844,SPU125,紫色,SUB979,D波,https://shop.example.com/product/56692,2025-10-07,2025-10-16 10:51:53,SPU125-紫色-XL
526,2025-10-12,ONLY官方旗舰店,446834,包臀裙热卖款,710638,SPU126-粉色-M,345,270,241,151,200,142,28196,SPU126,粉色,SUB925,A波,https://shop.example.com/product/85191,2025-10-11,2025-10-22 11:10:01,SPU126-粉色-M
527,2025-10-10,H&M官方旗舰店,373774,包臀裙热卖款,840102,SPU126-粉色-XL,369,312,282,19552,111,24,16998,SPU126,粉色,SUB812,C波,https://shop.example.com/product/61976,2025-10-10,2025-10-26 19:05:42,SPU126-粉色-XL
528,2025-10-02,GAP官方旗舰店,175999,包臀裙热卖款,333646,SPU126-粉色-XS,555,198,140,24312,56,3,13415,SPU126,粉色,SUB403,B波,https://shop.example.com/product/34968,2025-10-02,2025-10-24 02:37:24,SPU126-粉色-XS
529,2025-09-15,Bershka官方旗舰店,803330,包臀裙热卖款,876849,SPU126-粉色-L,277,424,17,16296,208,49,20317,SPU126,粉色,SUB568,C波,https://shop.example.com/product/34000,2025-09-15,2025-10-04 07:11:13,SPU126-粉色-L
530,2025-10-13,VERO MODA官方旗舰店,787890,家居服秋冬款,213017,SPU127-蓝色-L,9,135,77,15203,104,84,29541,SPU127,蓝色,SUB831,D波,https://shop.example.com/product/76117,2025-10-11,2025-10-15 13:42:50,SPU127-蓝色-L
531,2025-10-08,ZARA男装官方旗舰店,939905,家居服秋冬款,789997,SPU127-蓝色-M,811,379,276,1836,354,16,36186,SPU127,蓝色,SUB910,C波,https://shop.example.com/product/28463,2025-10-08,2025-10-28 11:21:41,SPU127-蓝色-M
532,2025-10-08,太平鸟女装官方旗舰店,889853,家居服秋冬款,710865,SPU127-蓝色-M,51,291,78,42848,143,22,31935,SPU127,蓝色,SUB548,C波,https://shop.example.com/product/18442,2025-10-08,2025-10-15 20:26:52,SPU127-蓝色-M
533,2025-09-22,ONLY官方旗舰店,139363,家居服秋冬款,416772,SPU127-蓝色-XS,212,238,215,20875,67,7,10168,SPU127,蓝色,SUB333,C波,https://shop.example.com/product/16151,2025-09-22,2025-10-21 23:51:03,SPU127-蓝色-XS
534,2025-10-03,Massimo Dutti女装官方旗舰店,686242,家居服秋冬款,739109,SPU127-蓝色-均码,241,83,35,27664,20,12,22173,SPU127,蓝色,SUB285,D波,https://shop.example.com/product/54141,2025-10-03,2025-10-04 11:12:05,SPU127-蓝色-均码
535,2025-10-08,ONLY官方旗舰店,310807,针织连衣裙新款,239960,SPU128-棕色-均码,1065,373,78,40868,81,29,610,SPU128,棕色,SUB239,A波,https://shop.example.com/product/27621,2025-10-08,2025-10-21 19:07:33,SPU128-棕色-均码
536,2025-09-20,美特斯邦威男装官方旗舰店,213043,针织连衣裙新款,325995,SPU128-棕色-XXL,104,169,2,15055,102,2,14382,SPU128,棕色,SUB302,C波,https://shop.example.com/product/63515,2025-09-20,2025-10-04 14:45:28,SPU128-棕色-XXL
537,2025-09-09,H&M官方旗舰店,869721,针织连衣裙新款,825885,SPU128-棕色-S,125,239,171,28034,112,100,29903,SPU128,棕色,SUB473,A波,https://shop.example.com/product/67349,2025-09-09,2025-10-02 22:31:30,SPU128-棕色-S
538,2025-09-14,Pull&Bear官方旗舰店,913596,针织连衣裙新款,601626,SPU128-棕色-均码,1248,438,312,22765,218,192,20656,SPU128,棕色,SUB355,A波,https://shop.example.com/product/32748,2025-09-14,2025-10-01 19:14:17,SPU128-棕色-均码
539,2025-10-08,VERO MODA官方旗舰店,158772,针织连衣裙新款,182042,SPU128-棕色-XXL,88,142,59,48150,94,74,36446,SPU128,棕色,SUB888,C波,https://shop.example.com/product/73915,2025-10-08,2025-10-28 08:51:31,SPU128-棕色-XXL
540,2025-10-15,耐克官方旗舰店,327315,家居服秋冬款,384010,SPU129-米色-XS,67,87,5,8326,30,17,19398,SPU129,米色,SUB569,A波,https://shop.example.com/product/86221,2025-10-14,2025-10-26 09:47:28,SPU129-米色-XS
541,2025-09-14,COS女装官方旗舰店,908003,家居服秋冬款,117181,SPU129-米色-XL,186,414,232,47035,379,83,10709,SPU129,米色,SUB777,B波,https://shop.example.com/product/48361,2025-09-14,2025-10-06 08:23:24,SPU129-米色-XL
542,2025-10-03,ZARA官方旗舰店,560688,家居服秋冬款,953880,SPU129-米色-XL,52,26,26,16970,11,10,35813,SPU129,米色,SUB573,A波,https://shop.example.com/product/72427,2025-10-03,2025-10-17 10:16:57,SPU129-米色-XL
543,2025-10-03,ZARA童装官方旗舰店,619246,家居服秋冬款,436713,SPU129-米色-L,844,328,133,27126,325,54,39368,SPU129,米色,SUB982,B波,https://shop.example.com/product/44564,2025-10-03,2025-10-10 14:06:51,SPU129-米色-L
544,2025-09-05,杰克琼斯官方旗舰店,770898,休闲衬衫热卖款,667933,SPU130-黑色-均码,29,25,17,28882,12,2,30746,SPU130,黑色,SUB744,B波,https://shop.example.com/product/54496,2025-09-05,2025-10-03 16:11:24,SPU130-黑色-均码
545,2025-09-15,Stradivarius官方旗舰店,263107,休闲衬衫热卖款,432039,SPU130-黑色-XXXL,613,258,20,38334,32,21,25249,SPU130,黑色,SUB503,C波,https://shop.example.com/product/43386,2025-09-15,2025-10-10 22:37:44,SPU130-黑色-XXXL
546,2025-09-27,H&M男装官方旗舰店,875419,休闲衬衫热卖款,254594,SPU130-黑色-S,506,468,248,16325,259,96,29580,SPU130,黑色,SUB687,A波,https://shop.example.com/product/34419,2025-09-27,2025-10-16 07:23:31,SPU130-黑色-S
547,2025-10-02,GAP官方旗舰店,190127,休闲衬衫热卖款,149436,SPU130-黑色-XXL,30,51,33,30008,8,8,2750,SPU130,黑色,SUB341,C波,https://shop.example.com/product/82456,2025-10-02,2025-10-22 12:22:31,SPU130-黑色-XXL
548,2025-10-01,ONLY女装官方旗舰店,878826,运动套装秋冬款,744025,SPU131-棕色-XS,51,212,171,4845,206,116,3242,SPU131,棕色,SUB983,D波,https://shop.example.com/product/48187,2025-10-01,2025-10-06 13:49:38,SPU131-棕色-XS
549,2025-09-21,COS女装官方旗舰店,759847,运动套装秋冬款,336490,SPU131-棕色-XS,309,355,180,6787,18,18,16503,SPU131,棕色,SUB811,C波,https://shop.example.com/product/33357,2025-09-21,2025-10-15 12:16:33,SPU131-棕色-XS
550,2025-09-08,H&M童装官方旗舰店,901445,运动套装秋冬款,214705,SPU131-棕色-XS,505,306,52,11315,162,44,9312,SPU131,棕色,SUB604,D波,https://shop.example.com/product/43361,2025-09-08,2025-10-04 19:04:32,SPU131-棕色-XS
551,2025-10-06,森马男装官方旗舰店,576476,运动套装秋冬款,290618,SPU131-棕色-S,83,127,5,23639,56,54,18957,SPU131,棕色,SUB253,B波,https://shop.example.com/product/24809,2025-10-06,2025-10-28 22:59:15,SPU131-棕色-S
552,2025-09-27,太平鸟女装官方旗舰店,812116,风衣新款,436071,SPU132-灰色-XXL,266,192,151,42339,45,24,12606,SPU132,灰色,SUB299,A波,https://shop.example.com/product/80723,2025-09-27,2025-10-22 04:44:32,SPU132-灰色-XXL
553,2025-09-14,ONLY官方旗舰店,403978,风衣新款,408729,SPU132-灰色-均码,618,418,226,1213,100,39,32912,SPU132,灰色,SUB960,D波,https://shop.example.com/product/76659,2025-09-14,2025-10-12 13:34:49,SPU132-灰色-均码
554,2025-10-01,VERO MODA女装官方旗舰店,446652,风衣新款,112314,SPU132-灰色-XL,277,306,237,1363,297,85,676,SPU132,灰色,SUB980,C波,https://shop.example.com/product/90458,2025-10-01,2025-10-22 04:52:11,SPU132-灰色-XL
555,2025-09-30,GAP男装官方旗舰店,632138,风衣新款,817597,SPU132-灰色-XXL,715,349,36,40113,193,80,12416,SPU132,灰色,SUB906,D波,https://shop.example.com/product/75121,2025-09-30,2025-10-19 03:40:42,SPU132-灰色-XXL
556,2025-10-09,太平鸟男装官方旗舰店,547887,家居服新款,765490,SPU133-黑色-XXL,336,131,53,10483,46,38,20744,SPU133,黑色,SUB524,B波,https://shop.example.com/product/45128,2025-10-09,2025-10-27 03:11:51,SPU133-黑色-XXL
557,2025-10-04,ONLY女装官方旗舰店,622199,家居服新款,597198,SPU133-黑色-XXL,163,94,21,10486,57,22,37174,SPU133,黑色,SUB257,A波,https://shop.example.com/product/64835,2025-10-04,2025-10-09 02:49:08,SPU133-黑色-XXL
558,2025-10-10,GXG官方旗舰店,669100,家居服新款,187781,SPU133-黑色-XXXL,18,41,38,8770,25,0,24175,SPU133,黑色,SUB686,B波,https://shop.example.com/product/29779,2025-10-10,2025-10-29 04:14:18,SPU133-黑色-XXXL
559,2025-09-28,Massimo Dutti官方旗舰店,174801,家居服新款,438249,SPU133-黑色-L,885,303,210,14310,146,10,9937,SPU133,黑色,SUB705,C波,https://shop.example.com/product/51393,2025-09-28,2025-10-04 19:55:29,SPU133-黑色-L
560,2025-10-07,ZARA童装官方旗舰店,709815,西装外套春季款,521761,SPU134-粉色-M,476,387,223,16014,340,237,10103,SPU134,粉色,SUB761,D波,https://shop.example.com/product/32591,2025-10-07,2025-10-15 21:47:27,SPU134-粉色-M
561,2025-10-03,H&M男装官方旗舰店,411069,西装外套春季款,796338,SPU134-粉色-XL,368,423,21,28276,318,193,4980,SPU134,粉色,SUB443,C波,https://shop.example.com/product/91723,2025-10-03,2025-10-25 15:17:21,SPU134-粉色-XL
562,2025-09-30,优衣库童装官方旗舰店,801311,西装外套春季款,678001,SPU134-粉色-M,347,263,49,12748,13,3,7010,SPU134,粉色,SUB328,A波,https://shop.example.com/product/15715,2025-09-30,2025-10-16 10:14:36,SPU134-粉色-M
563,2025-10-02,Mango女装官方旗舰店,992329,西装外套春季款,335352,SPU134-粉色-S,360,139,40,4209,136,21,11585,SPU134,粉色,SUB970,B波,https://shop.example.com/product/22368,2025-10-02,2025-10-15 00:54:08,SPU134-粉色-S
564,2025-09-08,Stradivarius官方旗舰店,920102,风衣春季款,179974,SPU135-棕色-XXL,762,486,383,19403,424,261,7382,SPU135,棕色,SUB828,C波,https://shop.example.com/product/80559,2025-09-08,2025-10-07 19:04:04,SPU135-棕色-XXL
565,2025-09-20,森马女装官方旗舰店,537420,风衣春季款,661811,SPU135-棕色-S,127,78,51,19526,55,0,6814,SPU135,棕色,SUB881,A波,https://shop.example.com/product/79578,2025-09-20,2025-10-10 21:59:32,SPU135-棕色-S
566,2025-09-26,森马男装官方旗舰店,663330,风衣春季款,161328,SPU135-棕色-L,199,167,79,20027,67,17,62,SPU135,棕色,SUB143,D波,https://shop.example.com/product/33286,2025-09-26,2025-10-17 21:29:52,SPU135-棕色-L
567,2025-09-07,ONLY女装官方旗舰店,622010,休闲衬衫秋冬款,563726,SPU136-灰色-XS,653,291,268,31486,257,125,20557,SPU136,灰色,SUB633,C波,https://shop.example.com/product/60818,2025-09-07,2025-10-03 09:05:36,SPU136-灰色-XS
568,2025-10-06,欧时力官方旗舰店,518691,休闲衬衫秋冬款,885314,SPU136-灰色-L,318,326,60,39045,205,111,8473,SPU136,灰色,SUB322,C波,https://shop.example.com/product/96311,2025-10-06,2025-10-07 06:57:05,SPU136-灰色-L
569,2025-09-14,优衣库女装官方旗舰店,247754,休闲衬衫秋冬款,849584,SPU136-灰色-XS,223,92,18,11733,14,1,12668,SPU136,灰色,SUB287,A波,https://shop.example.com/product/50060,2025-09-14,2025-10-12 09:47:38,SPU136-灰色-XS
570,2025-09-05,优衣库官方旗舰店,398133,休闲衬衫秋冬款,271017,SPU136-灰色-均码,518,353,272,14218,32,7,18442,SPU136,灰色,SUB850,D波,https://shop.example.com/product/76988,2025-09-05,2025-10-03 06:42:15,SPU136-灰色-均码
571,2025-09-14,美特斯邦威男装官方旗舰店,910009,休闲衬衫秋冬款,834021,SPU136-灰色-L,229,469,46,30871,450,441,29262,SPU136,灰色,SUB257,D波,https://shop.example.com/product/87087,2025-09-14,2025-10-06 12:47:58,SPU136-灰色-L
572,2025-10-29,优衣库女装官方旗舰店,391173,西装外套秋冬款,703316,SPU137-黄色-XXXL,707,312,269,6326,304,82,33665,SPU137,黄色,SUB815,B波,https://shop.example.com/product/24535,2025-10-27,2025-10-30 01:42:06,SPU137-黄色-XXXL
573,2025-09-19,耐克官方旗舰店,159782,西装外套秋冬款,329994,SPU137-黄色-XXXL,884,376,216,26858,281,10,11016,SPU137,黄色,SUB823,A波,https://shop.example.com/product/18177,2025-09-19,2025-10-19 08:45:46,SPU137-黄色-XXXL
574,2025-09-06,VERO MODA女装官方旗舰店,306263,西装外套秋冬款,884330,SPU137-黄色-XXL,1,2,2,22063,1,0,35649,SPU137,黄色,SUB505,B波,https://shop.example.com/product/22630,2025-09-06,2025-10-02 07:14:34,SPU137-黄色-XXL
575,2025-10-10,优衣库男装官方旗舰店,148667,西装外套秋冬款,442504,SPU137-黄色-XXL,1,1,1,16008,1,0,36033,SPU137,黄色,SUB826,A波,https://shop.example.com/product/56567,2025-10-10,2025-10-30 21:19:41,SPU137-黄色-XXL
576,2025-10-04,VERO MODA女装官方旗舰店,538231,西装外套秋冬款,983374,SPU137-黄色-均码,829,283,87,43252,82,72,4092,SPU137,黄色,SUB161,D波,https://shop.example.com/product/62180,2025-10-04,2025-10-23 18:02:59,SPU137-黄色-均码
577,2025-10-23,Bershka官方旗舰店,962595,跑步外套热卖款,579606,SPU138-棕色-XXL,774,273,223,15995,221,219,14885,SPU138,棕色,SUB281,B波,https://shop.example.com/product/75745,2025-10-21,2025-10-25 16:31:20,SPU138-棕色-XXL
578,2025-10-01,ZARA男装官方旗舰店,927959,跑步外套热卖款,313748,SPU138-棕色-XS,219,312,247,26706,197,191,5459,SPU138,棕色,SUB617,C波,https://shop.example.com/product/93230,2025-10-01,2025-10-08 13:39:22,SPU138-棕色-XS
579,2025-09-17,优衣库男装官方旗舰店,668675,跑步外套热卖款,950736,SPU138-棕色-S,103,58,11,26060,56,29,6865,SPU138,棕色,SUB353,D波,https://shop.example.com/product/82371,2025-09-17,2025-10-17 08:45:36,SPU138-棕色-S
580,2025-09-15,阿迪达斯官方旗舰店,177998,休闲衬衫新款,299095,SPU139-粉色-均码,79,156,129,10279,27,6,14785,SPU139,粉色,SUB834,B波,https://shop.example.com/product/22995,2025-09-15,2025-10-09 19:56:03,SPU139-粉色-均码
581,2025-09-18,Mango女装官方旗舰店,632783,休闲衬衫新款,866603,SPU139-粉色-XL,458,344,178,12244,276,236,39327,SPU139,粉色,SUB845,A波,https://shop.example.com/product/79252,2025-09-18,2025-10-17 17:28:41,SPU139-粉色-XL
582,2025-09-30,H&M女装官方旗舰店,901378,休闲衬衫新款,872048,SPU139-粉色-均码,717,244,5,26611,83,61,32309,SPU139,粉色,SUB494,A波,https://shop.example.com/product/95281,2025-09-30,2025-10-13 00:45:17,SPU139-粉色-均码
583,2025-09-17,GAP女装官方旗舰店,759711,家居服热卖款,858489,SPU140-橙色-均码,47,22,18,10947,13,0,35273,SPU140,橙色,SUB635,A波,https://shop.example.com/product/95745,2025-09-17,2025-10-08 04:29:42,SPU140-橙色-均码
584,2025-10-06,江南布衣官方旗舰店,907743,家居服热卖款,178706,SPU140-橙色-L,260,416,239,39760,136,113,26853,SPU140,橙色,SUB219,D波,https://shop.example.com/product/75951,2025-10-06,2025-10-18 12:31:00,SPU140-橙色-L
585,2025-10-01,GXG官方旗舰店,722246,家居服热卖款,539352,SPU140-橙色-M,505,355,277,45401,56,19,22933,SPU140,橙色,SUB776,D波,https://shop.example.com/product/33356,2025-10-01,2025-10-16 18:51:36,SPU140-橙色-M
586,2025-09-10,耐克官方旗舰店,850980,跑步外套春季款,961833,SPU141-红色-XXL,308,376,359,25610,345,192,24159,SPU141,红色,SUB812,D波,https://shop.example.com/product/79974,2025-09-10,2025-10-02 02:34:41,SPU141-红色-XXL
587,2025-09-15,Bershka官方旗舰店,741346,跑步外套春季款,471093,SPU141-红色-S,588,196,24,9067,195,82,29374,SPU141,红色,SUB309,C波,https://shop.example.com/product/90837,2025-09-15,2025-10-04 04:06:28,SPU141-红色-S
588,2025-09-27,美特斯邦威官方旗舰店,441993,跑步外套春季款,334373,SPU141-红色-L,616,259,139,43985,83,55,591,SPU141,红色,SUB882,D波,https://shop.example.com/product/49041,2025-09-27,2025-10-24 04:25:40,SPU141-红色-L
589,2025-10-08,GXG男装官方旗舰店,737355,跑步外套春季款,123566,SPU141-红色-XS,911,453,137,41117,69,60,9353,SPU141,红色,SUB883,D波,https://shop.example.com/product/65450,2025-10-08,2025-10-15 16:34:17,SPU141-红色-XS
590,2025-09-30,H&M官方旗舰店,901604,跑步外套春季款,559142,SPU141-红色-XXXL,587,302,202,31747,155,5,36859,SPU141,红色,SUB103,D波,https://shop.example.com/product/50238,2025-09-30,2025-10-05 20:59:38,SPU141-红色-XXXL
591,2025-10-14,秋水伊人女装官方旗舰店,367292,童装套装经典款,686311,SPU142-棕色-均码,720,351,351,40488,348,292,18627,SPU142,棕色,SUB515,C波,https://shop.example.com/product/19865,2025-10-12,2025-10-16 19:29:18,SPU142-棕色-均码
592,2025-09-20,ONLY官方旗舰店,941721,童装套装经典款,737809,SPU142-棕色-XXL,1032,488,433,19809,260,57,26932,SPU142,棕色,SUB573,B波,https://shop.example.com/product/47876,2025-09-20,2025-10-03 17:27:23,SPU142-棕色-XXL
593,2025-10-01,韩都衣舍女装官方旗舰店,760512,童装套装经典款,460041,SPU142-棕色-S,422,429,204,48042,234,148,35155,SPU142,棕色,SUB927,A波,https://shop.example.com/product/59914,2025-10-01,2025-10-02 05:53:03,SPU142-棕色-S
594,2025-10-03,森马女装官方旗舰店,129312,童装套装经典款,378104,SPU142-棕色-S,148,149,80,647,149,42,33735,SPU142,棕色,SUB925,D波,https://shop.example.com/product/11299,2025-10-03,2025-10-27 10:25:17,SPU142-棕色-S
595,2025-10-19,Massimo Dutti官方旗舰店,976288,羽绒服夏季款,132924,SPU143-黄色-XS,83,167,102,9144,43,29,2561,SPU143,黄色,SUB506,D波,https://shop.example.com/product/47994,2025-10-11,2025-10-25 19:06:21,SPU143-黄色-XS
596,2025-10-03,耐克官方旗舰店,980664,羽绒服夏季款,670807,SPU143-黄色-XS,183,283,138,35038,31,16,23499,SPU143,黄色,SUB632,A波,https://shop.example.com/product/39024,2025-10-03,2025-10-27 13:27:54,SPU143-黄色-XS
597,2025-09-23,Pull&Bear男装官方旗舰店,798063,羽绒服夏季款,943577,SPU143-黄色-XS,0,0,0,31618,0,0,35445,SPU143,黄色,SUB664,B波,https://shop.example.com/product/91114,2025-09-23,2025-10-16 07:48:58,SPU143-黄色-XS
598,2025-09-24,播官方旗舰店,973891,牛仔裤秋冬款,996123,SPU144-橙色-均码,761,304,54,36263,242,88,27262,SPU144,橙色,SUB986,B波,https://shop.example.com/product/11909,2025-09-24,2025-10-16 06:58:29,SPU144-橙色-均码
599,2025-10-01,GAP童装官方旗舰店,488558,牛仔裤秋冬款,113343,SPU144-橙色-M,12,76,0,13949,57,2,22604,SPU144,橙色,SUB837,D波,https://shop.example.com/product/98974,2025-10-01,2025-10-09 16:50:51,SPU144-橙色-M
600,2025-10-03,GXG男装官方旗舰店,916373,牛仔裤秋冬款,725412,SPU144-橙色-M,364,206,165,13323,26,0,23424,SPU144,橙色,SUB496,C波,https://shop.example.com/product/22725,2025-10-03,2025-10-20 14:01:55,SPU144-橙色-M
601,2025-10-13,GAP男装官方旗舰店,692794,西装外套经典款,300888,SPU145-红色-S,845,285,224,35478,133,75,28311,SPU145,红色,SUB559,A波,https://shop.example.com/product/75883,2025-10-12,2025-10-17 03:27:50,SPU145-红色-S
602,2025-09-28,ONLY女装官方旗舰店,856037,西装外套经典款,120453,SPU145-红色-M,242,389,271,30939,245,41,27161,SPU145,红色,SUB999,A波,https://shop.example.com/product/14093,2025-09-28,2025-10-19 00:28:06,SPU145-红色-M
603,2025-09-18,GAP女装官方旗舰店,313956,西装外套经典款,548504,SPU145-红色-L,95,57,56,45084,40,7,3119,SPU145,红色,SUB336,C波,https://shop.example.com/product/48748,2025-09-18,2025-10-09 06:28:59,SPU145-红色-L
604,2025-09-17,Mango官方旗舰店,730669,西装外套经典款,724223,SPU145-红色-均码,22,155,100,31716,64,35,22475,SPU145,红色,SUB532,D波,https://shop.example.com/product/59050,2025-09-17,2025-10-02 09:34:38,SPU145-红色-均码
605,2025-10-28,优衣库官方旗舰店,496183,西装外套经典款,248649,SPU145-红色-S,201,84,16,7656,38,20,22557,SPU145,红色,SUB725,D波,https://shop.example.com/product/72611,2025-10-25,2025-10-30 20:04:15,SPU145-红色-S
606,2025-10-06,VERO MODA女装官方旗舰店,546137,套头卫衣秋冬款,905430,SPU146-米色-XS,45,70,23,11848,40,7,39910,SPU146,米色,SUB108,C波,https://shop.example.com/product/40921,2025-10-06,2025-10-29 13:46:13,SPU146-米色-XS
607,2025-10-05,优衣库童装官方旗舰店,791962,套头卫衣秋冬款,409220,SPU146-米色-S,225,110,101,1926,81,33,32696,SPU146,米色,SUB414,D波,https://shop.example.com/product/60960,2025-10-05,2025-10-14 18:10:24,SPU146-米色-S
608,2025-09-23,欧时力官方旗舰店,817995,套头卫衣秋冬款,923622,SPU146-米色-XXXL,166,155,95,39143,138,57,39372,SPU146,米色,SUB547,C波,https://shop.example.com/product/32376,2025-09-23,2025-10-23 23:19:37,SPU146-米色-XXXL
609,2025-09-23,森马女装官方旗舰店,336164,POLO衫夏季款,427721,SPU147-蓝色-XL,1,49,31,5363,14,2,18839,SPU147,蓝色,SUB441,C波,https://shop.example.com/product/38594,2025-09-23,2025-10-01 20:15:52,SPU147-蓝色-XL
610,2025-09-27,ZARA童装官方旗舰店,969164,POLO衫夏季款,724880,SPU147-蓝色-XS,14,52,0,48563,10,3,25846,SPU147,蓝色,SUB230,B波,https://shop.example.com/product/21980,2025-09-27,2025-10-13 15:23:49,SPU147-蓝色-XS
611,2025-09-30,H&M官方旗舰店,851966,POLO衫夏季款,916979,SPU147-蓝色-XXXL,967,476,121,41949,444,73,30363,SPU147,蓝色,SUB606,B波,https://shop.example.com/product/65784,2025-09-30,2025-10-27 19:32:22,SPU147-蓝色-XXXL
612,2025-09-15,森马女装官方旗舰店,773749,POLO衫夏季款,672079,SPU147-蓝色-XS,504,395,316,22708,138,82,21052,SPU147,蓝色,SUB667,C波,https://shop.example.com/product/32409,2025-09-15,2025-10-07 19:39:23,SPU147-蓝色-XS
613,2025-09-25,ZARA女装官方旗舰店,420102,休闲衬衫秋冬款,278584,SPU148-黄色-M,177,92,17,46714,74,40,6645,SPU148,黄色,SUB515,A波,https://shop.example.com/product/75844,2025-09-25,2025-10-06 14:00:14,SPU148-黄色-M
614,2025-10-04,杰克琼斯官方旗舰店,744819,休闲衬衫秋冬款,188115,SPU148-黄色-XL,229,167,17,3587,125,43,3422,SPU148,黄色,SUB641,A波,https://shop.example.com/product/57614,2025-10-04,2025-10-29 17:33:17,SPU148-黄色-XL
615,2025-09-22,GAP官方旗舰店,370874,休闲衬衫秋冬款,570010,SPU148-黄色-XXXL,232,157,78,17645,153,120,15094,SPU148,黄色,SUB883,C波,https://shop.example.com/product/93706,2025-09-22,2025-10-22 09:28:06,SPU148-黄色-XXXL
616,2025-10-19,GAP男装官方旗舰店,248002,休闲衬衫秋冬款,412017,SPU148-黄色-XS,224,109,67,47959,45,18,7348,SPU148,黄色,SUB953,D波,https://shop.example.com/product/25608,2025-10-12,2025-10-23 15:53:32,SPU148-黄色-XS
617,2025-09-20,韩都衣舍官方旗舰店,836444,POLO衫经典款,944919,SPU149-粉色-S,470,182,51,17036,148,74,39520,SPU149,粉色,SUB308,A波,https://shop.example.com/product/53695,2025-09-20,2025-10-17 05:48:19,SPU149-粉色-S
618,2025-10-19,欧时力女装官方旗舰店,660270,POLO衫经典款,131756,SPU149-粉色-XS,113,118,24,8179,62,33,14271,SPU149,粉色,SUB531,A波,https://shop.example.com/product/18997,2025-10-11,2025-10-31 01:18:27,SPU149-粉色-XS
619,2025-10-23,江南布衣官方旗舰店,965597,POLO衫经典款,775607,SPU149-粉色-S,373,352,218,2453,102,65,31092,SPU149,粉色,SUB618,B波,https://shop.example.com/product/82983,2025-10-20,2025-10-29 05:50:00,SPU149-粉色-S
620,2025-10-17,GAP童装官方旗舰店,282544,POLO衫经典款,603231,SPU149-粉色-M,69,34,30,12864,22,0,18693,SPU149,粉色,SUB947,D波,https://shop.example.com/product/34111,2025-10-15,2025-10-27 14:46:02,SPU149-粉色-M
621,2025-10-04,森马官方旗舰店,290357,POLO衫经典款,228164,SPU149-粉色-XS,227,161,78,26777,16,10,13939,SPU149,粉色,SUB435,B波,https://shop.example.com/product/73259,2025-10-04,2025-10-28 04:13:09,SPU149-粉色-XS
622,2025-09-26,GAP童装官方旗舰店,636721,家居服秋冬款,152431,SPU150-米色-XL,207,415,262,36996,412,54,23346,SPU150,米色,SUB535,D波,https://shop.example.com/product/34640,2025-09-26,2025-10-02 05:39:39,SPU150-米色-XL
623,2025-09-11,Pull&Bear男装官方旗舰店,500048,家居服秋冬款,620685,SPU150-米色-XXXL,44,149,122,29012,71,48,10655,SPU150,米色,SUB706,D波,https://shop.example.com/product/87181,2025-09-11,2025-10-11 03:47:41,SPU150-米色-XXXL
624,2025-09-28,韩都衣舍官方旗舰店,335388,家居服秋冬款,320096,SPU150-米色-L,811,477,69,38512,33,16,24646,SPU150,米色,SUB744,D波,https://shop.example.com/product/44339,2025-09-28,2025-10-19 03:31:22,SPU150-米色-L
625,2025-10-21,美特斯邦威官方旗舰店,155216,家居服秋冬款,739202,SPU150-米色-XXXL,1203,497,294,38393,463,404,1900,SPU150,米色,SUB806,A波,https://shop.example.com/product/24701,2025-10-14,2025-10-30 01:13:15,SPU150-米色-XXXL
626,2025-09-23,杰克琼斯男装官方旗舰店,681019,休闲衬衫夏季款,456813,SPU151-蓝色-S,61,24,7,37843,17,0,34818,SPU151,蓝色,SUB339,C波,https://shop.example.com/product/31459,2025-09-23,2025-10-07 15:27:48,SPU151-蓝色-S
627,2025-10-02,GAP官方旗舰店,666548,休闲衬衫夏季款,723327,SPU151-蓝色-S,104,48,42,34214,45,18,18840,SPU151,蓝色,SUB274,C波,https://shop.example.com/product/61100,2025-10-02,2025-10-27 05:23:59,SPU151-蓝色-S
628,2025-09-17,GAP男装官方旗舰店,641802,休闲衬衫夏季款,411994,SPU151-蓝色-XL,317,141,117,38196,131,94,28707,SPU151,蓝色,SUB274,C波,https://shop.example.com/product/74261,2025-09-17,2025-10-12 11:53:14,SPU151-蓝色-XL
629,2025-10-10,H&M女装官方旗舰店,698752,休闲衬衫夏季款,465459,SPU151-蓝色-XL,386,168,133,8284,162,132,7285,SPU151,蓝色,SUB962,A波,https://shop.example.com/product/33481,2025-10-10,2025-10-18 09:33:21,SPU151-蓝色-XL
630,2025-09-07,江南布衣男装官方旗舰店,881390,休闲衬衫夏季款,712165,SPU151-蓝色-S,118,73,68,39924,9,1,9021,SPU151,蓝色,SUB406,B波,https://shop.example.com/product/93794,2025-09-07,2025-10-02 01:38:46,SPU151-蓝色-S
631,2025-09-29,Stradivarius女装官方旗舰店,185930,套头卫衣夏季款,584570,SPU152-绿色-均码,14,311,168,49192,231,148,34676,SPU152,绿色,SUB406,C波,https://shop.example.com/product/53087,2025-09-29,2025-10-14 10:15:49,SPU152-绿色-均码
632,2025-09-19,GAP童装官方旗舰店,378791,套头卫衣夏季款,933413,SPU152-绿色-M,422,415,217,32528,50,48,10477,SPU152,绿色,SUB635,D波,https://shop.example.com/product/78599,2025-09-19,2025-10-07 05:27:15,SPU152-绿色-M
633,2025-09-21,Stradivarius官方旗舰店,861391,套头卫衣夏季款,328209,SPU152-绿色-XXXL,7,53,13,34613,5,4,22394,SPU152,绿色,SUB870,D波,https://shop.example.com/product/80303,2025-09-21,2025-10-15 15:47:13,SPU152-绿色-XXXL
634,2025-10-17,GAP官方旗舰店,706205,童装套装夏季款,357699,SPU153-红色-L,156,58,31,35308,49,5,18029,SPU153,红色,SUB444,A波,https://shop.example.com/product/12970,2025-10-15,2025-10-30 07:36:34,SPU153-红色-L
635,2025-09-23,ZARA女装官方旗舰店,984694,童装套装夏季款,855116,SPU153-红色-M,341,377,53,29182,316,239,37820,SPU153,红色,SUB148,C波,https://shop.example.com/product/51369,2025-09-23,2025-10-22 01:15:12,SPU153-红色-M
636,2025-09-28,Pull&Bear男装官方旗舰店,545881,童装套装夏季款,543504,SPU153-红色-XXL,149,75,26,14484,71,47,5860,SPU153,红色,SUB743,C波,https://shop.example.com/product/76137,2025-09-28,2025-10-04 13:12:18,SPU153-红色-XXL
637,2025-10-13,GAP女装官方旗舰店,856979,童装套装夏季款,587251,SPU153-红色-XXXL,766,275,6,43839,10,5,12789,SPU153,红色,SUB229,D波,https://shop.example.com/product/12618,2025-10-12,2025-10-29 14:40:02,SPU153-红色-XXXL
638,2025-09-25,Massimo Dutti官方旗舰店,227780,童装套装夏季款,703637,SPU153-红色-M,493,382,299,5231,381,5,16293,SPU153,红色,SUB978,B波,https://shop.example.com/product/85170,2025-09-25,2025-10-09 02:03:07,SPU153-红色-M
639,2025-09-12,Mango官方旗舰店,777713,短裤热卖款,430457,SPU154-黑色-L,357,242,31,15948,78,54,2769,SPU154,黑色,SUB687,A波,https://shop.example.com/product/79614,2025-09-12,2025-10-01 11:15:56,SPU154-黑色-L
640,2025-10-20,COS女装官方旗舰店,205973,短裤热卖款,997146,SPU154-黑色-XXL,257,167,31,2799,136,72,21478,SPU154,黑色,SUB162,B波,https://shop.example.com/product/49234,2025-10-18,2025-10-29 21:13:37,SPU154-黑色-XXL
641,2025-09-21,播女装官方旗舰店,316619,短裤热卖款,519913,SPU154-黑色-XS,35,108,43,45689,91,67,32518,SPU154,黑色,SUB310,D波,https://shop.example.com/product/62698,2025-09-21,2025-10-06 05:39:57,SPU154-黑色-XS
642,2025-10-12,GAP官方旗舰店,327575,短裤热卖款,823734,SPU154-黑色-XXL,89,71,65,47226,56,38,26276,SPU154,黑色,SUB681,B波,https://shop.example.com/product/37392,2025-10-11,2025-10-28 10:17:15,SPU154-黑色-XXL
643,2025-09-20,COS女装官方旗舰店,748735,家居服夏季款,163285,SPU155-米色-XS,7,180,160,21880,61,34,21086,SPU155,米色,SUB994,D波,https://shop.example.com/product/21842,2025-09-20,2025-10-15 12:18:24,SPU155-米色-XS
644,2025-09-15,欧时力官方旗舰店,572239,家居服夏季款,797994,SPU155-米色-S,252,187,22,42641,162,85,25286,SPU155,米色,SUB940,D波,https://shop.example.com/product/41379,2025-09-15,2025-10-03 13:30:19,SPU155-米色-S
645,2025-10-07,美特斯邦威男装官方旗舰店,294969,家居服夏季款,474413,SPU155-米色-S,355,299,59,6636,249,97,19017,SPU155,米色,SUB352,D波,https://shop.example.com/product/98977,2025-10-07,2025-10-28 10:57:44,SPU155-米色-S
646,2025-09-23,ZARA女装官方旗舰店,240534,休闲裤热卖款,979041,SPU156-米色-XL,520,314,122,30902,21,15,11908,SPU156,米色,SUB567,A波,https://shop.example.com/product/30762,2025-09-23,2025-10-01 23:53:33,SPU156-米色-XL
647,2025-10-17,GAP男装官方旗舰店,781738,休闲裤热卖款,496582,SPU156-米色-均码,419,278,2,22486,215,63,19332,SPU156,米色,SUB281,A波,https://shop.example.com/product/59507,2025-10-15,2025-10-26 21:38:53,SPU156-米色-均码
648,2025-09-22,播官方旗舰店,172024,休闲裤热卖款,956686,SPU156-米色-均码,844,413,39,2291,130,26,30266,SPU156,米色,SUB431,B波,https://shop.example.com/product/53877,2025-09-22,2025-10-12 09:24:16,SPU156-米色-均码
649,2025-10-12,太平鸟童装官方旗舰店,968467,休闲裤热卖款,378502,SPU156-米色-XXL,43,274,191,8155,153,9,12380,SPU156,米色,SUB785,A波,https://shop.example.com/product/27743,2025-10-11,2025-10-24 07:24:43,SPU156-米色-XXL
650,2025-09-29,VERO MODA官方旗舰店,108674,休闲裤热卖款,376885,SPU156-米色-XXXL,146,251,124,27505,250,53,27670,SPU156,米色,SUB237,A波,https://shop.example.com/product/44510,2025-09-29,2025-10-18 16:38:39,SPU156-米色-XXXL
651,2025-10-08,ZARA男装官方旗舰店,383732,速干短裤春季款,575306,SPU157-灰色-M,118,324,270,49478,132,58,38795,SPU157,灰色,SUB424,B波,https://shop.example.com/product/12832,2025-10-08,2025-10-15 02:40:01,SPU157-灰色-M
652,2025-10-03,美特斯邦威男装官方旗舰店,936016,速干短裤春季款,147084,SPU157-灰色-L,428,294,253,26354,210,66,39768,SPU157,灰色,SUB741,A波,https://shop.example.com/product/84667,2025-10-03,2025-10-29 00:12:59,SPU157-灰色-L
653,2025-10-09,欧时力女装官方旗舰店,662646,速干短裤春季款,900620,SPU157-灰色-XXXL,142,88,78,33367,22,14,17669,SPU157,灰色,SUB992,C波,https://shop.example.com/product/55954,2025-10-09,2025-10-25 15:00:57,SPU157-灰色-XXXL
654,2025-09-24,H&M女装官方旗舰店,348648,速干短裤春季款,971532,SPU157-灰色-均码,84,57,34,49061,54,29,8898,SPU157,灰色,SUB966,D波,https://shop.example.com/product/26159,2025-09-24,2025-10-09 14:39:39,SPU157-灰色-均码
655,2025-09-05,Bershka女装官方旗舰店,306093,休闲裤新款,122306,SPU158-白色-L,657,232,108,36228,68,15,6924,SPU158,白色,SUB875,D波,https://shop.example.com/product/45519,2025-09-05,2025-10-02 01:06:51,SPU158-白色-L
656,2025-10-02,GAP男装官方旗舰店,969269,休闲裤新款,136820,SPU158-白色-XXL,415,397,156,13648,369,302,33022,SPU158,白色,SUB878,A波,https://shop.example.com/product/76487,2025-10-02,2025-10-24 07:05:41,SPU158-白色-XXL
657,2025-09-07,森马男装官方旗舰店,592718,休闲裤新款,564715,SPU158-白色-XXL,667,252,191,23536,52,32,14578,SPU158,白色,SUB849,B波,https://shop.example.com/product/38108,2025-09-07,2025-10-03 17:45:27,SPU158-白色-XXL
658,2025-10-23,GAP女装官方旗舰店,597964,休闲裤新款,571342,SPU158-白色-均码,14,207,64,6179,72,29,552,SPU158,白色,SUB719,A波,https://shop.example.com/product/91617,2025-10-20,2025-10-25 13:04:50,SPU158-白色-均码
659,2025-10-05,GXG官方旗舰店,302376,运动长裤新款,637553,SPU159-红色-L,1304,467,447,27468,57,1,12208,SPU159,红色,SUB658,B波,https://shop.example.com/product/61891,2025-10-05,2025-10-30 22:58:09,SPU159-红色-L
660,2025-09-20,播官方旗舰店,925779,运动长裤新款,274964,SPU159-红色-XXXL,10,68,33,4444,44,41,11166,SPU159,红色,SUB983,B波,https://shop.example.com/product/21140,2025-09-20,2025-10-10 12:06:26,SPU159-红色-XXXL
661,2025-10-07,H&M男装官方旗舰店,784062,运动长裤新款,473397,SPU159-红色-L,461,312,236,8778,17,0,17598,SPU159,红色,SUB876,C波,https://shop.example.com/product/18688,2025-10-07,2025-10-21 04:19:58,SPU159-红色-L
662,2025-10-24,H&M女装官方旗舰店,823665,运动长裤新款,618780,SPU159-红色-M,22,10,9,46147,0,0,6534,SPU159,红色,SUB678,B波,https://shop.example.com/product/30913,2025-10-19,2025-10-30 00:09:39,SPU159-红色-M
663,2025-10-23,GAP男装官方旗舰店,351865,家居服新款,981001,SPU160-粉色-均码,282,138,19,3899,95,79,31635,SPU160,粉色,SUB831,C波,https://shop.example.com/product/22948,2025-10-14,2025-10-27 08:23:52,SPU160-粉色-均码
664,2025-09-24,VERO MODA女装官方旗舰店,251459,家居服新款,251202,SPU160-粉色-XXL,567,488,278,30514,324,14,38494,SPU160,粉色,SUB847,D波,https://shop.example.com/product/29794,2025-09-24,2025-10-18 10:31:10,SPU160-粉色-XXL
665,2025-09-27,播官方旗舰店,702235,家居服新款,526638,SPU160-粉色-XS,419,381,93,11629,199,95,5120,SPU160,粉色,SUB607,C波,https://shop.example.com/product/28894,2025-09-27,2025-10-06 01:30:34,SPU160-粉色-XS
666,2025-10-13,阿迪达斯官方旗舰店,377888,家居服新款,972815,SPU160-粉色-XS,109,94,22,27473,37,6,7070,SPU160,粉色,SUB646,A波,https://shop.example.com/product/14645,2025-10-12,2025-10-14 15:04:39,SPU160-粉色-XS
667,2025-09-28,太平鸟女装官方旗舰店,651383,POLO衫热卖款,552587,SPU161-棕色-M,50,98,88,25000,39,13,3293,SPU161,棕色,SUB586,A波,https://shop.example.com/product/29570,2025-09-28,2025-10-23 21:03:33,SPU161-棕色-M
668,2025-09-08,江南布衣男装官方旗舰店,828192,POLO衫热卖款,784508,SPU161-棕色-XXL,173,279,28,9925,204,199,2303,SPU161,棕色,SUB132,C波,https://shop.example.com/product/40991,2025-09-08,2025-10-07 11:49:21,SPU161-棕色-XXL
669,2025-09-06,H&M男装官方旗舰店,242126,POLO衫热卖款,173482,SPU161-棕色-M,584,200,92,12883,106,52,35632,SPU161,棕色,SUB697,A波,https://shop.example.com/product/11307,2025-09-06,2025-10-01 19:53:30,SPU161-棕色-M
670,2025-09-18,播男装官方旗舰店,734299,休闲衬衫春季款,428192,SPU162-白色-XXXL,30,173,15,6277,119,63,15951,SPU162,白色,SUB239,C波,https://shop.example.com/product/83804,2025-09-18,2025-10-16 00:23:03,SPU162-白色-XXXL
671,2025-09-28,耐克官方旗舰店,937319,休闲衬衫春季款,583807,SPU162-白色-均码,442,494,315,30243,6,0,12419,SPU162,白色,SUB870,A波,https://shop.example.com/product/95766,2025-09-28,2025-10-19 13:43:14,SPU162-白色-均码
672,2025-09-27,Bershka官方旗舰店,198067,休闲衬衫春季款,214459,SPU162-白色-M,209,231,138,24947,43,36,2703,SPU162,白色,SUB861,D波,https://shop.example.com/product/19905,2025-09-27,2025-10-21 00:02:37,SPU162-白色-M
673,2025-09-14,秋水伊人女装官方旗舰店,249458,针织连衣裙夏季款,294655,SPU163-米色-均码,122,335,12,16638,199,80,18306,SPU163,米色,SUB861,D波,https://shop.example.com/product/24663,2025-09-14,2025-10-09 16:29:43,SPU163-米色-均码
674,2025-09-13,美特斯邦威男装官方旗舰店,275304,针织连衣裙夏季款,673736,SPU163-米色-均码,70,253,121,412,28,14,16831,SPU163,米色,SUB413,B波,https://shop.example.com/product/63354,2025-09-13,2025-10-05 16:44:51,SPU163-米色-均码
675,2025-10-18,Massimo Dutti女装官方旗舰店,336540,针织连衣裙夏季款,896473,SPU163-米色-均码,38,27,9,8634,4,1,23628,SPU163,米色,SUB247,A波,https://shop.example.com/product/94927,2025-10-14,2025-10-24 05:03:09,SPU163-米色-均码
676,2025-10-01,Pull&Bear官方旗舰店,458949,针织连衣裙夏季款,289880,SPU163-米色-XXL,219,203,150,17686,3,0,9300,SPU163,米色,SUB850,A波,https://shop.example.com/product/86459,2025-10-01,2025-10-16 08:34:10,SPU163-米色-XXL
677,2025-09-26,H&M童装官方旗舰店,963285,连帽卫衣热卖款,567746,SPU164-白色-S,408,139,121,11815,78,48,1481,SPU164,白色,SUB313,B波,https://shop.example.com/product/65137,2025-09-26,2025-10-15 02:46:42,SPU164-白色-S
678,2025-10-07,GXG官方旗舰店,431146,连帽卫衣热卖款,198957,SPU164-白色-S,230,328,66,30823,320,209,5170,SPU164,白色,SUB767,D波,https://shop.example.com/product/88994,2025-10-07,2025-10-20 08:25:12,SPU164-白色-S
679,2025-10-10,H&M男装官方旗舰店,684257,连帽卫衣热卖款,125277,SPU164-白色-XXXL,274,418,138,22606,153,91,38295,SPU164,白色,SUB653,C波,https://shop.example.com/product/24673,2025-10-10,2025-10-30 00:04:13,SPU164-白色-XXXL
680,2025-09-21,Mango官方旗舰店,210906,连帽卫衣热卖款,211464,SPU164-白色-XL,113,195,81,35194,9,9,5958,SPU164,白色,SUB274,D波,https://shop.example.com/product/80843,2025-09-21,2025-10-01 09:51:43,SPU164-白色-XL
681,2025-09-25,GAP女装官方旗舰店,837273,针织衫经典款,399405,SPU165-红色-L,1242,450,410,35118,207,105,16731,SPU165,红色,SUB590,D波,https://shop.example.com/product/77331,2025-09-25,2025-10-16 06:04:42,SPU165-红色-L
682,2025-10-22,Mango官方旗舰店,324284,针织衫经典款,586129,SPU165-红色-XS,776,345,30,633,215,128,34440,SPU165,红色,SUB375,C波,https://shop.example.com/product/69793,2025-10-14,2025-10-24 19:51:04,SPU165-红色-XS
683,2025-10-07,欧时力女装官方旗舰店,885594,针织衫经典款,341928,SPU165-红色-S,224,132,22,36998,6,0,37479,SPU165,红色,SUB133,D波,https://shop.example.com/product/48217,2025-10-07,2025-10-29 19:06:08,SPU165-红色-S
684,2025-09-07,Mango官方旗舰店,189919,家居服春季款,558419,SPU166-棕色-XS,307,317,22,3299,290,206,37439,SPU166,棕色,SUB854,B波,https://shop.example.com/product/61516,2025-09-07,2025-10-03 01:30:26,SPU166-棕色-XS
685,2025-10-11,Massimo Dutti男装官方旗舰店,306968,家居服春季款,923575,SPU166-棕色-XXXL,333,311,117,18258,65,34,33414,SPU166,棕色,SUB547,C波,https://shop.example.com/product/68857,2025-10-11,2025-10-29 07:06:09,SPU166-棕色-XXXL
686,2025-10-09,欧时力女装官方旗舰店,265381,家居服春季款,222964,SPU166-棕色-XXL,458,483,293,34588,20,13,20877,SPU166,棕色,SUB380,D波,https://shop.example.com/product/34574,2025-10-09,2025-10-15 14:27:13,SPU166-棕色-XXL
687,2025-10-17,Bershka官方旗舰店,169120,连帽卫衣热卖款,274587,SPU167-棕色-XXL,51,75,62,44978,1,0,953,SPU167,棕色,SUB467,C波,https://shop.example.com/product/10195,2025-10-14,2025-10-28 01:26:17,SPU167-棕色-XXL
688,2025-09-28,GAP女装官方旗舰店,328384,连帽卫衣热卖款,102074,SPU167-棕色-L,124,449,10,1191,106,70,34012,SPU167,棕色,SUB485,B波,https://shop.example.com/product/48232,2025-09-28,2025-10-13 11:15:44,SPU167-棕色-L
689,2025-10-23,太平鸟男装官方旗舰店,575463,连帽卫衣热卖款,350895,SPU167-棕色-S,227,380,313,316,365,1,33826,SPU167,棕色,SUB633,A波,https://shop.example.com/product/25901,2025-10-19,2025-10-27 08:05:37,SPU167-棕色-S
690,2025-10-04,太平鸟男装官方旗舰店,937100,连帽卫衣热卖款,102778,SPU167-棕色-M,11,129,23,25197,30,18,9979,SPU167,棕色,SUB940,B波,https://shop.example.com/product/28201,2025-10-04,2025-10-30 13:51:20,SPU167-棕色-M
691,2025-09-27,ONLY官方旗舰店,578933,连帽卫衣秋冬款,878215,SPU168-黄色-L,941,350,316,2931,253,99,583,SPU168,黄色,SUB654,C波,https://shop.example.com/product/49348,2025-09-27,2025-10-25 03:58:53,SPU168-黄色-L
692,2025-10-09,Mango女装官方旗舰店,674214,连帽卫衣秋冬款,545914,SPU168-黄色-XXL,491,278,132,25461,42,15,2662,SPU168,黄色,SUB151,A波,https://shop.example.com/product/88213,2025-10-09,2025-10-27 09:31:49,SPU168-黄色-XXL
693,2025-10-09,欧时力女装官方旗舰店,390801,连帽卫衣秋冬款,817537,SPU168-黄色-XXL,448,417,127,28479,301,60,6342,SPU168,黄色,SUB840,B波,https://shop.example.com/product/68414,2025-10-09,2025-10-12 12:10:55,SPU168-黄色-XXL
694,2025-10-02,韩都衣舍女装官方旗舰店,189299,包臀裙热卖款,433804,SPU169-棕色-S,11,42,42,39592,6,4,24207,SPU169,棕色,SUB810,C波,https://shop.example.com/product/53217,2025-10-02,2025-10-03 20:52:52,SPU169-棕色-S
695,2025-09-13,GAP女装官方旗舰店,701181,包臀裙热卖款,943952,SPU169-棕色-XXXL,316,256,76,1190,72,24,17024,SPU169,棕色,SUB924,A波,https://shop.example.com/product/18967,2025-09-13,2025-10-13 15:44:09,SPU169-棕色-XXXL
696,2025-10-04,森马官方旗舰店,899685,包臀裙热卖款,350791,SPU169-棕色-XXL,284,185,105,26942,52,1,29260,SPU169,棕色,SUB429,D波,https://shop.example.com/product/85334,2025-10-04,2025-10-22 02:39:35,SPU169-棕色-XXL
697,2025-10-07,播官方旗舰店,397149,运动长裤春季款,710276,SPU170-黄色-M,911,310,139,26504,305,221,28941,SPU170,黄色,SUB251,A波,https://shop.example.com/product/22516,2025-10-07,2025-10-19 05:58:30,SPU170-黄色-M
698,2025-09-30,Mango官方旗舰店,379966,运动长裤春季款,775243,SPU170-黄色-均码,2,29,25,9127,17,17,6003,SPU170,黄色,SUB805,B波,https://shop.example.com/product/28058,2025-09-30,2025-10-19 12:18:29,SPU170-黄色-均码
699,2025-10-16,欧时力女装官方旗舰店,568439,运动长裤春季款,725437,SPU170-黄色-XL,944,334,147,73,113,19,25629,SPU170,黄色,SUB244,A波,https://shop.example.com/product/79583,2025-10-13,2025-10-26 06:56:04,SPU170-黄色-XL
700,2025-09-13,Bershka女装官方旗舰店,173429,运动长裤春季款,621017,SPU170-黄色-S,268,177,176,21283,128,34,30642,SPU170,黄色,SUB332,C波,https://shop.example.com/product/93515,2025-09-13,2025-10-02 12:59:09,SPU170-黄色-S
701,2025-10-18,太平鸟童装官方旗舰店,426708,家居服秋冬款,267530,SPU171-米色-XL,455,497,176,29781,98,2,551,SPU171,米色,SUB401,A波,https://shop.example.com/product/30902,2025-10-16,2025-10-25 17:10:20,SPU171-米色-XL
702,2025-09-11,GAP男装官方旗舰店,687216,家居服秋冬款,246265,SPU171-米色-XXXL,564,317,169,7024,48,35,7614,SPU171,米色,SUB803,D波,https://shop.example.com/product/19102,2025-09-11,2025-10-02 21:38:23,SPU171-米色-XXXL
703,2025-09-28,GAP童装官方旗舰店,762224,家居服秋冬款,443266,SPU171-米色-XS,354,321,289,1173,90,36,26055,SPU171,米色,SUB217,A波,https://shop.example.com/product/17973,2025-09-28,2025-10-25 14:00:00,SPU171-米色-XS
704,2025-09-10,Stradivarius官方旗舰店,329704,短裤春季款,158071,SPU172-绿色-XXL,270,237,109,26764,154,6,3524,SPU172,绿色,SUB187,B波,https://shop.example.com/product/83604,2025-09-10,2025-10-06 00:48:15,SPU172-绿色-XXL
705,2025-09-10,Pull&Bear官方旗舰店,580542,短裤春季款,190875,SPU172-绿色-均码,15,124,11,47409,66,22,13140,SPU172,绿色,SUB230,D波,https://shop.example.com/product/18997,2025-09-10,2025-10-03 19:13:14,SPU172-绿色-均码
706,2025-09-24,Mango官方旗舰店,130791,短裤春季款,786674,SPU172-绿色-XXL,270,179,136,46879,22,11,755,SPU172,绿色,SUB609,D波,https://shop.example.com/product/67045,2025-09-24,2025-10-13 15:15:49,SPU172-绿色-XXL
707,2025-10-09,太平鸟官方旗舰店,954481,POLO衫热卖款,909399,SPU173-粉色-均码,529,384,159,25023,166,11,20018,SPU173,粉色,SUB770,B波,https://shop.example.com/product/28917,2025-10-09,2025-10-18 23:39:51,SPU173-粉色-均码
708,2025-10-09,太平鸟童装官方旗舰店,329389,POLO衫热卖款,993523,SPU173-粉色-XL,1298,500,153,25088,225,211,1648,SPU173,粉色,SUB209,A波,https://shop.example.com/product/53633,2025-10-09,2025-10-21 02:45:52,SPU173-粉色-XL
709,2025-09-25,杰克琼斯官方旗舰店,623470,POLO衫热卖款,854113,SPU173-粉色-L,320,121,26,47965,0,0,32231,SPU173,粉色,SUB965,B波,https://shop.example.com/product/44009,2025-09-25,2025-10-19 22:41:41,SPU173-粉色-L
710,2025-10-03,森马男装官方旗舰店,542347,POLO衫热卖款,187109,SPU173-粉色-均码,251,120,52,35045,44,10,10694,SPU173,粉色,SUB425,A波,https://shop.example.com/product/99048,2025-10-03,2025-10-14 13:06:11,SPU173-粉色-均码
711,2025-10-06,ZARA女装官方旗舰店,292175,POLO衫热卖款,513391,SPU173-粉色-均码,115,64,0,33383,58,25,27414,SPU173,粉色,SUB820,D波,https://shop.example.com/product/56017,2025-10-06,2025-10-10 04:06:55,SPU173-粉色-均码
712,2025-09-28,GAP童装官方旗舰店,519628,连帽卫衣热卖款,260057,SPU174-红色-M,266,477,141,5019,357,318,28962,SPU174,红色,SUB518,D波,https://shop.example.com/product/76930,2025-09-28,2025-10-17 09:31:59,SPU174-红色-M
713,2025-10-02,秋水伊人官方旗舰店,928487,连帽卫衣热卖款,753834,SPU174-红色-XXXL,600,438,242,30610,432,424,5276,SPU174,红色,SUB778,B波,https://shop.example.com/product/85783,2025-10-02,2025-10-14 06:39:29,SPU174-红色-XXXL
714,2025-09-29,VERO MODA官方旗舰店,479170,连帽卫衣热卖款,115775,SPU174-红色-M,4,30,13,7133,20,16,19877,SPU174,红色,SUB612,D波,https://shop.example.com/product/49496,2025-09-29,2025-10-03 09:04:43,SPU174-红色-M
715,2025-09-21,Mango官方旗舰店,346723,连帽卫衣热卖款,428421,SPU174-红色-XS,556,498,415,13728,74,39,3515,SPU174,红色,SUB414,D波,https://shop.example.com/product/59598,2025-09-21,2025-10-21 07:46:34,SPU174-红色-XS
716,2025-09-16,Massimo Dutti官方旗舰店,258141,针织衫新款,191100,SPU175-绿色-XXXL,344,280,221,16566,78,77,23349,SPU175,绿色,SUB267,C波,https://shop.example.com/product/43656,2025-09-16,2025-10-11 20:30:03,SPU175-绿色-XXXL
717,2025-10-02,耐克官方旗舰店,519083,针织衫新款,791981,SPU175-绿色-XL,707,294,141,18550,88,82,5763,SPU175,绿色,SUB884,A波,https://shop.example.com/product/23248,2025-10-02,2025-10-07 07:17:00,SPU175-绿色-XL
718,2025-09-28,秋水伊人女装官方旗舰店,911713,针织衫新款,305064,SPU175-绿色-XXXL,164,343,271,9617,313,237,16323,SPU175,绿色,SUB102,D波,https://shop.example.com/product/40605,2025-09-28,2025-10-03 07:37:10,SPU175-绿色-XXXL
719,2025-09-30,美特斯邦威官方旗舰店,810062,休闲衬衫秋冬款,715261,SPU176-粉色-S,403,157,73,32797,57,55,32944,SPU176,粉色,SUB925,B波,https://shop.example.com/product/18489,2025-09-30,2025-10-08 02:39:01,SPU176-粉色-S
720,2025-10-19,秋水伊人官方旗舰店,715185,休闲衬衫秋冬款,940298,SPU176-粉色-XL,429,270,11,26552,264,207,17017,SPU176,粉色,SUB986,A波,https://shop.example.com/product/55523,2025-10-16,2025-10-28 11:50:26,SPU176-粉色-XL
721,2025-09-19,Massimo Dutti女装官方旗舰店,205650,休闲衬衫秋冬款,145867,SPU176-粉色-XXXL,372,433,46,10551,50,23,20381,SPU176,粉色,SUB300,C波,https://shop.example.com/product/20782,2025-09-19,2025-10-08 23:13:00,SPU176-粉色-XXXL
722,2025-09-16,Stradivarius官方旗舰店,359139,家居服夏季款,130731,SPU177-橙色-XL,242,410,362,26309,371,26,20378,SPU177,橙色,SUB725,D波,https://shop.example.com/product/10549,2025-09-16,2025-10-05 06:01:20,SPU177-橙色-XL
723,2025-10-21,秋水伊人女装官方旗舰店,249188,家居服夏季款,205361,SPU177-橙色-XL,1034,421,197,3464,122,7,13279,SPU177,橙色,SUB267,A波,https://shop.example.com/product/36429,2025-10-13,2025-10-24 10:31:10,SPU177-橙色-XL
724,2025-10-01,江南布衣男装官方旗舰店,677512,家居服夏季款,968296,SPU177-橙色-XXL,151,53,39,39609,38,3,5254,SPU177,橙色,SUB191,C波,https://shop.example.com/product/14251,2025-10-01,2025-10-10 21:50:12,SPU177-橙色-XXL
725,2025-10-06,VERO MODA官方旗舰店,412280,家居服夏季款,597909,SPU177-橙色-XXL,239,480,123,7008,6,6,32530,SPU177,橙色,SUB865,A波,https://shop.example.com/product/87292,2025-10-06,2025-10-24 07:07:26,SPU177-橙色-XXL
726,2025-10-02,GAP女装官方旗舰店,783914,家居服热卖款,681724,SPU178-粉色-均码,849,421,23,49100,238,26,25424,SPU178,粉色,SUB259,C波,https://shop.example.com/product/99619,2025-10-02,2025-10-21 19:54:26,SPU178-粉色-均码
727,2025-09-27,GAP女装官方旗舰店,153402,家居服热卖款,856818,SPU178-粉色-L,1039,366,132,6456,315,297,18670,SPU178,粉色,SUB965,D波,https://shop.example.com/product/78666,2025-09-27,2025-10-05 13:07:41,SPU178-粉色-L
728,2025-09-23,ONLY女装官方旗舰店,109883,家居服热卖款,759225,SPU178-粉色-L,61,168,19,13502,93,56,22329,SPU178,粉色,SUB328,C波,https://shop.example.com/product/79482,2025-09-23,2025-10-15 03:05:40,SPU178-粉色-L
729,2025-09-29,耐克官方旗舰店,595502,连帽卫衣春季款,274554,SPU179-黄色-均码,142,84,67,44302,15,14,34248,SPU179,黄色,SUB862,A波,https://shop.example.com/product/71823,2025-09-29,2025-10-28 23:31:17,SPU179-黄色-均码
730,2025-10-22,杰克琼斯男装官方旗舰店,897392,连帽卫衣春季款,158969,SPU179-黄色-M,183,70,29,30667,59,7,27230,SPU179,黄色,SUB208,D波,https://shop.example.com/product/13603,2025-10-16,2025-10-24 08:39:03,SPU179-黄色-M
731,2025-09-17,Massimo Dutti官方旗舰店,917047,连帽卫衣春季款,745471,SPU179-黄色-XL,481,282,79,8505,262,103,39041,SPU179,黄色,SUB876,D波,https://shop.example.com/product/42940,2025-09-17,2025-10-11 21:12:45,SPU179-黄色-XL
732,2025-10-04,GAP男装官方旗舰店,226473,连帽卫衣春季款,661485,SPU179-黄色-M,202,246,124,22206,125,107,14856,SPU179,黄色,SUB141,D波,https://shop.example.com/product/64948,2025-10-04,2025-10-26 07:37:49,SPU179-黄色-M
733,2025-09-15,Stradivarius女装官方旗舰店,107312,家居服经典款,290904,SPU180-橙色-XS,817,286,146,35850,54,0,35981,SPU180,橙色,SUB475,C波,https://shop.example.com/product/71016,2025-09-15,2025-10-02 07:31:46,SPU180-橙色-XS
734,2025-09-28,优衣库官方旗舰店,115446,家居服经典款,277960,SPU180-橙色-M,526,443,342,19212,256,99,8844,SPU180,橙色,SUB318,D波,https://shop.example.com/product/34408,2025-09-28,2025-10-21 22:31:45,SPU180-橙色-M
735,2025-09-14,太平鸟男装官方旗舰店,713501,家居服经典款,139899,SPU180-橙色-L,202,83,49,39483,15,12,36142,SPU180,橙色,SUB460,D波,https://shop.example.com/product/44023,2025-09-14,2025-10-14 09:03:52,SPU180-橙色-L
736,2025-09-20,播男装官方旗舰店,120890,羽绒服夏季款,507826,SPU181-棕色-XS,453,203,174,44737,170,91,4344,SPU181,棕色,SUB547,A波,https://shop.example.com/product/42231,2025-09-20,2025-10-02 08:32:54,SPU181-棕色-XS
737,2025-10-25,ZARA童装官方旗舰店,884930,羽绒服夏季款,248937,SPU181-棕色-XXXL,91,295,164,3599,186,29,26645,SPU181,棕色,SUB405,B波,https://shop.example.com/product/60907,2025-10-18,2025-10-29 11:00:33,SPU181-棕色-XXXL
738,2025-10-02,播男装官方旗舰店,110114,羽绒服夏季款,328155,SPU181-棕色-XL,25,37,23,3042,0,0,10259,SPU181,棕色,SUB388,B波,https://shop.example.com/product/24746,2025-10-02,2025-10-16 02:26:56,SPU181-棕色-XL
739,2025-09-13,Pull&Bear男装官方旗舰店,332921,羽绒服夏季款,705958,SPU181-棕色-XXXL,140,317,147,35509,275,149,32990,SPU181,棕色,SUB167,B波,https://shop.example.com/product/13091,2025-09-13,2025-10-09 03:08:02,SPU181-棕色-XXXL
740,2025-10-19,ONLY女装官方旗舰店,212341,休闲衬衫夏季款,874467,SPU182-橙色-XXXL,13,5,4,4888,2,0,20735,SPU182,橙色,SUB978,B波,https://shop.example.com/product/16140,2025-10-12,2025-10-22 16:40:15,SPU182-橙色-XXXL
741,2025-10-06,杰克琼斯官方旗舰店,174730,休闲衬衫夏季款,495372,SPU182-橙色-S,121,75,46,46812,12,8,25436,SPU182,橙色,SUB815,C波,https://shop.example.com/product/62989,2025-10-06,2025-10-14 14:44:06,SPU182-橙色-S
742,2025-09-02,太平鸟官方旗舰店,800183,休闲衬衫夏季款,744312,SPU182-橙色-均码,675,365,119,20306,125,70,5945,SPU182,橙色,SUB195,A波,https://shop.example.com/product/52710,2025-09-02,2025-10-01 15:00:53,SPU182-橙色-均码
743,2025-09-07,Bershka女装官方旗舰店,898023,休闲衬衫夏季款,389550,SPU182-橙色-S,15,8,6,17011,1,0,32150,SPU182,橙色,SUB617,D波,https://shop.example.com/product/26027,2025-09-07,2025-10-04 18:17:34,SPU182-橙色-S
744,2025-10-02,江南布衣官方旗舰店,678614,休闲衬衫夏季款,453328,SPU183-粉色-XXXL,164,163,28,8966,120,69,5004,SPU183,粉色,SUB559,D波,https://shop.example.com/product/53190,2025-10-02,2025-10-23 17:10:41,SPU183-粉色-XXXL
745,2025-09-15,Mango官方旗舰店,345587,休闲衬衫夏季款,721045,SPU183-粉色-XXXL,762,413,391,36882,50,31,33206,SPU183,粉色,SUB200,C波,https://shop.example.com/product/57484,2025-09-15,2025-10-11 23:28:54,SPU183-粉色-XXXL
746,2025-09-22,太平鸟女装官方旗舰店,995569,休闲衬衫夏季款,770555,SPU183-粉色-XL,23,132,118,10536,39,14,25123,SPU183,粉色,SUB119,B波,https://shop.example.com/product/48749,2025-09-22,2025-10-11 12:55:28,SPU183-粉色-XL
747,2025-09-21,江南布衣女装官方旗舰店,895217,速干T恤秋冬款,874001,SPU184-棕色-M,757,402,395,18362,149,108,30315,SPU184,棕色,SUB579,B波,https://shop.example.com/product/14807,2025-09-21,2025-10-10 10:54:41,SPU184-棕色-M
748,2025-09-03,江南布衣男装官方旗舰店,206688,速干T恤秋冬款,128643,SPU184-棕色-S,471,183,52,4007,16,16,30398,SPU184,棕色,SUB225,C波,https://shop.example.com/product/60367,2025-09-03,2025-10-03 09:00:43,SPU184-棕色-S
749,2025-10-20,GAP女装官方旗舰店,784026,速干T恤秋冬款,604034,SPU184-棕色-XXL,1088,412,328,49324,134,58,31532,SPU184,棕色,SUB780,A波,https://shop.example.com/product/38378,2025-10-18,2025-10-30 21:32:19,SPU184-棕色-XXL
750,2025-09-18,森马官方旗舰店,421803,家居服经典款,339359,SPU185-米色-XS,135,50,1,12170,31,28,19431,SPU185,米色,SUB941,A波,https://shop.example.com/product/49546,2025-09-18,2025-10-04 19:59:49,SPU185-米色-XS
751,2025-09-19,H&M女装官方旗舰店,581316,家居服经典款,804348,SPU185-米色-M,185,257,196,3264,166,41,36872,SPU185,米色,SUB276,C波,https://shop.example.com/product/44021,2025-09-19,2025-10-05 05:45:14,SPU185-米色-M
752,2025-10-28,太平鸟男装官方旗舰店,818537,家居服经典款,653729,SPU185-米色-M,824,394,75,29548,384,95,36372,SPU185,米色,SUB628,C波,https://shop.example.com/product/15989,2025-10-19,2025-10-29 12:19:35,SPU185-米色-M
753,2025-10-08,江南布衣女装官方旗舰店,362848,家居服经典款,242718,SPU185-米色-L,10,229,114,42775,106,48,13557,SPU185,米色,SUB247,D波,https://shop.example.com/product/18860,2025-10-08,2025-10-09 13:45:45,SPU185-米色-L
754,2025-09-08,H&M女装官方旗舰店,316559,连帽卫衣夏季款,454688,SPU186-棕色-L,426,440,372,35945,427,205,31187,SPU186,棕色,SUB527,B波,https://shop.example.com/product/56941,2025-09-08,2025-10-01 11:30:39,SPU186-棕色-L
755,2025-09-28,VERO MODA官方旗舰店,654711,连帽卫衣夏季款,552185,SPU186-棕色-M,739,309,258,31141,64,6,26636,SPU186,棕色,SUB787,A波,https://shop.example.com/product/44504,2025-09-28,2025-10-13 16:28:26,SPU186-棕色-M
756,2025-09-12,GXG男装官方旗舰店,812427,连帽卫衣夏季款,345110,SPU186-棕色-XXXL,180,264,29,45476,201,85,24282,SPU186,棕色,SUB896,B波,https://shop.example.com/product/44040,2025-09-12,2025-10-03 12:08:14,SPU186-棕色-XXXL
757,2025-10-24,GAP童装官方旗舰店,126633,连帽卫衣夏季款,820690,SPU186-棕色-XXXL,8,3,1,31081,2,0,37860,SPU186,棕色,SUB528,A波,https://shop.example.com/product/52909,2025-10-22,2025-10-27 18:00:02,SPU186-棕色-XXXL
758,2025-10-17,江南布衣女装官方旗舰店,369874,连帽卫衣夏季款,914231,SPU186-棕色-L,9,305,160,12573,230,174,21080,SPU186,棕色,SUB521,D波,https://shop.example.com/product/17572,2025-10-13,2025-10-29 05:11:06,SPU186-棕色-L
759,2025-09-30,欧时力女装官方旗舰店,724299,短袖T恤春季款,585882,SPU187-黄色-XXL,1023,377,363,22216,242,88,16691,SPU187,黄色,SUB262,D波,https://shop.example.com/product/20089,2025-09-30,2025-10-17 03:57:12,SPU187-黄色-XXL
760,2025-10-08,江南布衣官方旗舰店,971548,短袖T恤春季款,919206,SPU187-黄色-M,539,300,132,9644,14,13,11857,SPU187,黄色,SUB588,B波,https://shop.example.com/product/62748,2025-10-08,2025-10-09 12:35:53,SPU187-黄色-M
761,2025-09-29,播女装官方旗舰店,864037,短袖T恤春季款,316260,SPU187-黄色-XL,369,383,30,46279,66,22,11497,SPU187,黄色,SUB758,B波,https://shop.example.com/product/73195,2025-09-29,2025-10-21 19:46:24,SPU187-黄色-XL
762,2025-09-25,GAP女装官方旗舰店,178655,风衣夏季款,976522,SPU188-黄色-XL,118,52,23,42680,6,3,27913,SPU188,黄色,SUB721,A波,https://shop.example.com/product/74463,2025-09-25,2025-10-02 01:02:36,SPU188-黄色-XL
763,2025-10-10,Bershka官方旗舰店,159985,风衣夏季款,917299,SPU188-黄色-S,75,54,10,40421,27,17,24376,SPU188,黄色,SUB216,C波,https://shop.example.com/product/45154,2025-10-10,2025-10-27 00:23:06,SPU188-黄色-S
764,2025-09-25,太平鸟男装官方旗舰店,705158,风衣夏季款,680343,SPU188-黄色-XXXL,476,428,16,24562,282,89,6787,SPU188,黄色,SUB955,D波,https://shop.example.com/product/85836,2025-09-25,2025-10-09 03:54:32,SPU188-黄色-XXXL
765,2025-09-27,GXG男装官方旗舰店,998082,跑步外套夏季款,945646,SPU189-蓝色-L,2,4,1,1939,1,0,27080,SPU189,蓝色,SUB682,A波,https://shop.example.com/product/22537,2025-09-27,2025-10-13 13:07:46,SPU189-蓝色-L
766,2025-09-18,Stradivarius官方旗舰店,811572,跑步外套夏季款,516830,SPU189-蓝色-L,550,455,253,5074,136,15,27676,SPU189,蓝色,SUB659,A波,https://shop.example.com/product/19365,2025-09-18,2025-10-13 09:47:46,SPU189-蓝色-L
767,2025-10-19,Bershka女装官方旗舰店,896365,跑步外套夏季款,120265,SPU189-蓝色-L,221,230,206,5268,118,51,12715,SPU189,蓝色,SUB556,A波,https://shop.example.com/product/54883,2025-10-17,2025-10-26 08:33:01,SPU189-蓝色-L
768,2025-10-16,优衣库官方旗舰店,405350,跑步外套夏季款,711637,SPU189-蓝色-XS,406,350,106,12107,5,3,30070,SPU189,蓝色,SUB287,C波,https://shop.example.com/product/46655,2025-10-12,2025-10-25 07:40:40,SPU189-蓝色-XS
769,2025-10-05,太平鸟官方旗舰店,994237,跑步外套夏季款,218627,SPU189-蓝色-L,451,192,40,36909,147,71,29071,SPU189,蓝色,SUB543,B波,https://shop.example.com/product/82772,2025-10-05,2025-10-11 05:44:29,SPU189-蓝色-L
770,2025-09-25,太平鸟官方旗舰店,690161,家居服秋冬款,134090,SPU190-米色-M,5,2,1,49560,2,1,17046,SPU190,米色,SUB162,B波,https://shop.example.com/product/55848,2025-09-25,2025-10-25 18:19:51,SPU190-米色-M
771,2025-10-06,Massimo Dutti女装官方旗舰店,676760,家居服秋冬款,440839,SPU190-米色-L,111,315,309,14351,313,309,14736,SPU190,米色,SUB230,D波,https://shop.example.com/product/30709,2025-10-06,2025-10-11 23:03:50,SPU190-米色-L
772,2025-09-14,Stradivarius官方旗舰店,667193,家居服秋冬款,191233,SPU190-米色-XS,327,388,293,7724,252,210,25402,SPU190,米色,SUB327,C波,https://shop.example.com/product/95487,2025-09-14,2025-10-14 19:30:24,SPU190-米色-XS
773,2025-09-30,GAP男装官方旗舰店,690570,家居服秋冬款,956795,SPU190-米色-均码,54,24,1,8220,9,6,27510,SPU190,米色,SUB563,D波,https://shop.example.com/product/94657,2025-09-30,2025-10-29 09:52:36,SPU190-米色-均码
774,2025-09-25,播女装官方旗舰店,274277,运动套装新款,679825,SPU191-粉色-L,329,169,77,23324,43,13,38542,SPU191,粉色,SUB600,C波,https://shop.example.com/product/91714,2025-09-25,2025-10-21 17:49:49,SPU191-粉色-L
775,2025-09-20,GXG男装官方旗舰店,491784,运动套装新款,124531,SPU191-粉色-S,927,383,370,37,320,258,35791,SPU191,粉色,SUB545,C波,https://shop.example.com/product/10365,2025-09-20,2025-10-17 15:28:16,SPU191-粉色-S
776,2025-09-28,秋水伊人女装官方旗舰店,481039,运动套装新款,890141,SPU191-粉色-S,422,214,5,11117,191,11,35759,SPU191,粉色,SUB110,A波,https://shop.example.com/product/84061,2025-09-28,2025-10-24 14:21:32,SPU191-粉色-S
777,2025-09-18,Mango女装官方旗舰店,280100,家居服夏季款,723925,SPU192-橙色-XS,95,491,84,12200,431,395,5095,SPU192,橙色,SUB480,C波,https://shop.example.com/product/41220,2025-09-18,2025-10-01 11:59:30,SPU192-橙色-XS
778,2025-10-12,秋水伊人官方旗舰店,371631,家居服夏季款,668552,SPU192-橙色-L,586,317,17,38324,16,7,11360,SPU192,橙色,SUB260,C波,https://shop.example.com/product/35221,2025-10-11,2025-10-19 03:06:45,SPU192-橙色-L
779,2025-10-04,Stradivarius官方旗舰店,106879,家居服夏季款,275922,SPU192-橙色-XL,125,126,45,4406,26,1,10090,SPU192,橙色,SUB929,C波,https://shop.example.com/product/95455,2025-10-04,2025-10-25 22:56:18,SPU192-橙色-XL
780,2025-10-26,GXG官方旗舰店,994966,针织衫夏季款,162263,SPU193-棕色-M,232,412,316,47801,169,57,22127,SPU193,棕色,SUB390,C波,https://shop.example.com/product/99515,2025-10-20,2025-10-27 02:41:16,SPU193-棕色-M
781,2025-09-23,太平鸟官方旗舰店,996864,针织衫夏季款,524484,SPU193-棕色-XS,1189,459,258,36332,17,17,18667,SPU193,棕色,SUB811,B波,https://shop.example.com/product/91760,2025-09-23,2025-10-13 23:53:43,SPU193-棕色-XS
782,2025-09-25,GAP男装官方旗舰店,357533,针织衫夏季款,302111,SPU193-棕色-XS,83,99,37,16140,96,50,10696,SPU193,棕色,SUB706,D波,https://shop.example.com/product/27335,2025-09-25,2025-10-17 10:02:53,SPU193-棕色-XS
783,2025-10-15,GXG官方旗舰店,691743,针织衫夏季款,882888,SPU193-棕色-XL,8,3,1,8024,0,0,17659,SPU193,棕色,SUB870,C波,https://shop.example.com/product/21857,2025-10-14,2025-10-25 04:12:54,SPU193-棕色-XL
784,2025-10-11,ZARA官方旗舰店,565914,针织衫夏季款,917968,SPU193-棕色-XL,85,82,76,25743,74,40,39396,SPU193,棕色,SUB729,B波,https://shop.example.com/product/17397,2025-10-11,2025-10-21 02:23:55,SPU193-棕色-XL
785,2025-10-18,江南布衣官方旗舰店,620526,套头卫衣春季款,520991,SPU194-红色-XXXL,50,60,4,31530,9,7,20249,SPU194,红色,SUB702,C波,https://shop.example.com/product/46419,2025-10-14,2025-10-27 04:53:31,SPU194-红色-XXXL
786,2025-09-24,ONLY女装官方旗舰店,115610,套头卫衣春季款,502580,SPU194-红色-XS,46,81,76,17576,8,1,37116,SPU194,红色,SUB308,D波,https://shop.example.com/product/54813,2025-09-24,2025-10-21 14:16:56,SPU194-红色-XS
787,2025-09-30,GXG男装官方旗舰店,238872,套头卫衣春季款,289594,SPU194-红色-均码,405,318,228,4981,50,44,15012,SPU194,红色,SUB202,D波,https://shop.example.com/product/58808,2025-09-30,2025-10-14 10:56:10,SPU194-红色-均码
788,2025-09-30,太平鸟男装官方旗舰店,234331,套头卫衣春季款,544126,SPU194-红色-M,140,118,60,20873,92,19,33337,SPU194,红色,SUB744,D波,https://shop.example.com/product/43013,2025-09-30,2025-10-30 12:44:59,SPU194-红色-M
789,2025-10-07,Stradivarius女装官方旗舰店,248758,套头卫衣春季款,835281,SPU194-红色-XXXL,26,196,158,27900,26,3,29397,SPU194,红色,SUB928,B波,https://shop.example.com/product/13466,2025-10-07,2025-10-15 05:51:07,SPU194-红色-XXXL
790,2025-09-21,GXG男装官方旗舰店,266030,套头卫衣经典款,791897,SPU195-橙色-均码,5,2,2,17601,2,1,9006,SPU195,橙色,SUB376,A波,https://shop.example.com/product/35041,2025-09-21,2025-10-05 09:16:32,SPU195-橙色-均码
791,2025-09-29,H&M官方旗舰店,471020,套头卫衣经典款,824653,SPU195-橙色-XL,117,85,42,23240,13,0,20827,SPU195,橙色,SUB196,C波,https://shop.example.com/product/37509,2025-09-29,2025-10-07 10:43:34,SPU195-橙色-XL
792,2025-10-07,COS官方旗舰店,710152,套头卫衣经典款,770928,SPU195-橙色-均码,215,368,153,15582,71,6,33909,SPU195,橙色,SUB971,D波,https://shop.example.com/product/73584,2025-10-07,2025-10-30 05:43:33,SPU195-橙色-均码
793,2025-09-11,播女装官方旗舰店,768688,休闲衬衫春季款,246441,SPU196-紫色-M,534,469,238,39679,302,64,24534,SPU196,紫色,SUB809,C波,https://shop.example.com/product/27208,2025-09-11,2025-10-07 04:17:32,SPU196-紫色-M
794,2025-10-03,欧时力女装官方旗舰店,671742,休闲衬衫春季款,347743,SPU196-紫色-M,181,78,32,41175,11,10,21059,SPU196,紫色,SUB817,A波,https://shop.example.com/product/87424,2025-10-03,2025-10-25 03:56:57,SPU196-紫色-M
795,2025-10-11,韩都衣舍官方旗舰店,909144,休闲衬衫春季款,669095,SPU196-紫色-XXXL,247,92,63,2716,0,0,32290,SPU196,紫色,SUB749,D波,https://shop.example.com/product/85311,2025-10-11,2025-10-18 16:31:56,SPU196-紫色-XXXL
796,2025-09-29,Bershka女装官方旗舰店,345868,休闲衬衫春季款,894352,SPU196-紫色-XS,87,101,75,38637,26,17,28180,SPU196,紫色,SUB462,A波,https://shop.example.com/product/56919,2025-09-29,2025-10-10 05:17:00,SPU196-紫色-XS
797,2025-10-22,ZARA官方旗舰店,273989,训练外套经典款,456823,SPU197-白色-L,956,446,366,35579,316,148,28396,SPU197,白色,SUB381,A波,https://shop.example.com/product/78126,2025-10-12,2025-10-23 00:47:09,SPU197-白色-L
798,2025-09-24,欧时力女装官方旗舰店,923771,训练外套经典款,922490,SPU197-白色-XXXL,183,170,134,34760,162,49,35486,SPU197,白色,SUB275,C波,https://shop.example.com/product/67310,2025-09-24,2025-10-01 15:21:09,SPU197-白色-XXXL
799,2025-10-04,Mango官方旗舰店,524181,训练外套经典款,926840,SPU197-白色-XXL,352,363,9,48474,244,130,17440,SPU197,白色,SUB507,D波,https://shop.example.com/product/26427,2025-10-04,2025-10-31 00:28:18,SPU197-白色-XXL
800,2025-10-24,GAP男装官方旗舰店,276456,训练外套经典款,480017,SPU197-白色-均码,312,337,110,41788,299,163,24460,SPU197,白色,SUB182,D波,https://shop.example.com/product/32121,2025-10-16,2025-10-28 16:41:21,SPU197-白色-均码
801,2025-09-23,Stradivarius官方旗舰店,292483,训练外套经典款,467382,SPU197-白色-XS,8,284,54,34949,81,23,23112,SPU197,白色,SUB846,D波,https://shop.example.com/product/32020,2025-09-23,2025-10-02 22:34:58,SPU197-白色-XS
802,2025-10-17,江南布衣男装官方旗舰店,280463,休闲衬衫秋冬款,679307,SPU198-灰色-L,842,387,96,38599,153,64,11814,SPU198,灰色,SUB761,A波,https://shop.example.com/product/21880,2025-10-11,2025-10-22 18:24:13,SPU198-灰色-L
803,2025-09-23,GAP童装官方旗舰店,270420,休闲衬衫秋冬款,357618,SPU198-灰色-S,560,435,44,18839,86,72,37578,SPU198,灰色,SUB279,A波,https://shop.example.com/product/11762,2025-09-23,2025-10-06 18:42:00,SPU198-灰色-S
804,2025-10-05,太平鸟男装官方旗舰店,278510,休闲衬衫秋冬款,971865,SPU198-灰色-L,710,310,227,2605,213,34,26863,SPU198,灰色,SUB508,A波,https://shop.example.com/product/44377,2025-10-05,2025-10-24 15:15:51,SPU198-灰色-L
805,2025-10-17,Stradivarius女装官方旗舰店,459337,休闲衬衫秋冬款,968253,SPU198-灰色-XL,107,470,297,23678,425,220,12727,SPU198,灰色,SUB289,A波,https://shop.example.com/product/72549,2025-10-16,2025-10-28 11:10:19,SPU198-灰色-XL
806,2025-10-13,优衣库童装官方旗舰店,141249,休闲衬衫秋冬款,119674,SPU198-灰色-XXXL,474,428,314,4906,145,12,5531,SPU198,灰色,SUB688,B波,https://shop.example.com/product/42192,2025-10-12,2025-10-21 02:00:22,SPU198-灰色-XXXL
807,2025-09-26,森马女装官方旗舰店,749264,羽绒服春季款,286265,SPU199-蓝色-XL,137,189,41,19521,51,29,6137,SPU199,蓝色,SUB188,B波,https://shop.example.com/product/60111,2025-09-26,2025-10-14 21:30:40,SPU199-蓝色-XL
808,2025-09-06,ZARA童装官方旗舰店,149049,羽绒服春季款,540267,SPU199-蓝色-XS,43,436,270,9408,2,1,31840,SPU199,蓝色,SUB774,A波,https://shop.example.com/product/51991,2025-09-06,2025-10-05 06:57:55,SPU199-蓝色-XS
809,2025-09-27,太平鸟男装官方旗舰店,216284,羽绒服春季款,818366,SPU199-蓝色-XS,428,204,14,31064,71,55,8506,SPU199,蓝色,SUB500,C波,https://shop.example.com/product/38624,2025-09-27,2025-10-24 05:53:26,SPU199-蓝色-XS
810,2025-10-18,H&M女装官方旗舰店,471183,羽绒服春季款,110824,SPU199-蓝色-S,30,362,293,21336,269,116,30345,SPU199,蓝色,SUB277,B波,https://shop.example.com/product/45569,2025-10-12,2025-10-23 01:44:54,SPU199-蓝色-S
